<?xml version="1.0" encoding="iso-8859-1"?>
<!-- Keywords PVCS : Begin -->
<!--?DoC_Info
$Header:   I:/Clip/Vision system/SCM/TransversalCLIP_SCM/Archives/Dev/SCM/ApvCSFGUI/ProdData/APVCSFGUI.xml-arc   1.8   19 Dec 2007 09:42:54   acarref  $
$Log:   I:/Clip/Vision system/SCM/TransversalCLIP_SCM/Archives/Dev/SCM/ApvCSFGUI/ProdData/APVCSFGUI.xml-arc  $

   Rev 1.8   19 Dec 2007 09:42:54   acarref
Add PVCS info in XML header
?-->
<!-- Keywords PVCS : end -->
<!--!DOCTYPE ScenarioConf_Root SYSTEM "ScenarioManuel.dtd"-->
<ScmRoot>
        <!--APV Screen -->
        <ScmParam name = "Quit" value = "426"/>
        <ScmParam name = "Continue" value = "4405"/>
        <ScmParam name = "OK" value = "19009"/>
        <ScmParam name = "Cancel" value = "510"/>

        <ScmParam name = "Message10" value = "406"/>
        <ScmParam name = "Message11" value = "557"/>
        <ScmParam name = "Message12" value = "1419"/>
        <ScmParam name = "Message13" value = "1420"/>
        <ScmParam name = "Message14" value = "52744"/>
        <ScmParam name = "Message15" value = "52745"/>

        <ScmParam name = "MessageC1" value = "52978"/>
        <ScmParam name = "MessageC2" value = "52982"/>
        <ScmParam name = "MessageC3" value = "52983"/>
        <ScmParam name = "MessageC4" value = "52984"/>

        <!--ScmParam name = "APV_Message_1" value = "1419"/> -> Message12
        <ScmParam name = "APV_Message_2" value = "1420"/        -> Message13    --> 
        <ScmParam name = "APV_Message_A2" value = "1421"/>
        <ScmParam name = "APV_Message_A3" value = "1422"/>
        <ScmParam name = "APV_Message_A4" value = "1423"/>
        <ScmParam name = "APV_Message_A5" value = "1424"/>
        <ScmParam name = "APV_Message_A6" value = "1824"/>
        <ScmParam name = "APV_Message_A8" value = "52746"/>
        <ScmParam name = "APV_Message_A9" value = "52747"/>
        <ScmParam name = "APV_Message_A10" value = "51261"/>

		<ScmParam name = "ContextHelp" value = "451"/>

        <!--SDC return codes-->
		<ScmParam name = "0301" value = "52748"/>
		<ScmParam name = "0302" value = "52749"/>
		<ScmParam name = "0303" value = "27784"/>
		<ScmParam name = "0304" value = "52750"/>
		<ScmParam name = "0305" value = "52751"/>
		<ScmParam name = "0306" value = "52752"/>
		<ScmParam name = "0307" value = "52753"/>
		<ScmParam name = "0308" value = "52754"/>
		<ScmParam name = "DefaultSDC" value = "52755"/>

        <!--Message Box -->
        <ScmParam name = "MsgBoxTitle1" value = "2500"/>
        <ScmParam name = "MsgBoxTitle2" value = "15907"/>

        <ScmParam name = "Timer" value = "180000"/><!--3 min in miliseconds-->
        <ScmParam name = "ProgressInterval" value = "1000"/><!--1 sec in miliseconds-->

</ScmRoot>
