<?xml version="1.0" encoding="ISO-8859-1"?>
<ScmRoot>
	<ScmParam name="TextTitre" value="16296"/>
	<ScmParam name="STextTitre1" value="8071"/>
	<ScmParam name="STextTitre2" value="8072"/>
	<ScmParam name="LabelTitre" value="452"/>
	<ScmParam name="identVIN" value="ID013"/>
	<ScmParam name="MessageBox1" value="8062"/>
	<ScmParam name="MessageBox2" value="8074"/>
	<ScmParam name="MessageBox3" value="8073"/>
	<ScmParam name="Bouton1" value="4531"/>
	<ScmParam name="Bouton2" value="4532"/>
	<ScmParam name="Encout_text" value="13080"/>
	<ScmParam name="confFin_text" value="8069"/>
	<ScmParam name="confImpossible_text" value="13081"/>
	<ScmParam name="MessageBoxCLIP" value="2500"/>
	<ScmParam name="MessageBoxAVERTISSEMENT" value="450"/>
	<ScmParam name="MessageBoxERREUR" value="20879"/>
	<ScmParam name="TextBouton" value="453"/>
	<ScmParam name="ConfigurationName" value="VP003"/>
</ScmRoot>
