<?xml version="1.0" encoding="ISO-8859-1"?>
<!--!DOCTYPE ScenarioConf_Root SYSTEM "ScenarioManuel.dtd"-->
<?Doc_Info [$Revision:   1.1  $] [$Date:   03 Feb 2014 11:08:24  $]?>
<ScmRoot>
	<ScmParam name="TexteTitre" value="9459"/>
	<ScmParam name="TexteSousTitre" value="23540"/>
	<ScmParam name="TexteSousTitreCommandeTerminee" value="23540"/>
	<ScmParam name="LabelSaisieCode" value="29454"/><!--Screen2 - Message2 TBD (8 characters) -->
	<ScmParam name="CommandeEnCours" value="13080"/>
	<ScmParam name="CommandeTerminee" value="13082"/>
	<ScmParam name="dat_TitreActuel" value="23542"/>
	<ScmParam name="dat_TitreSouhaite" value="23543"/>
	<ScmParam name="dat_Cylindre1" value="9462"/>
	<ScmParam name="dat_Cylindre2" value="9463"/>
	<ScmParam name="dat_Cylindre3" value="9464"/>
	<ScmParam name="dat_Cylindre4" value="9465"/>
	<ScmParam name="TitreMbPartie1" value="15795"/>
	<ScmParam name="TitreMbPartie2" value="15907"/>
	<ScmParam name="TexteErreurNack" value="570"/>
	<ScmParam name="Message6" value="1293"/>
	<ScmParam name="ContenuBoutonMb" value="19009"/>

	<ScmParam name="Timer1" value="10"/>

	<ScmParam name="Vdiag" value="ID003"/>
	
	<ScmList name="Groupes">
		<ScmItem value=""/> <!-- groupe 1-->
	</ScmList>
		
	<ScmSet name="Groupe1">
	<ScmParam name="Ident1" value="ID047"/>
	<ScmParam name="Ident2" value="ID048"/>
	<ScmParam name="Ident3" value="ID049"/>
	<ScmParam name="Ident4" value="ID050"/>
	
        <!-- optional parameter []--> 
	<!--ScmParam name="InjectorX" value="cmd 1,[size 1],[cmd 2,size 2],...,[cmd 3,size 3],[cmd n,[size n}]"/-->	
	<ScmParam name="Injector1" value="VP021"/>
	<ScmParam name="Injector2" value="VP022"/>
	<ScmParam name="Injector3" value="VP023"/>
	<ScmParam name="Injector4" value="VP024"/>
	
	<ScmParam name="PermittedCharacters" value="0123456789ABCDEFGHJKLMNPRSTUWXYZ"/>
	<ScmParam name="SymbolsErrorCode" value="54313"/><!--MessageBox1 - Message7-->
	<ScmParam name="TexteErreurCode" value="54314"/><!--MessageBox2 - Message9-->		
	<ScmParam name="nbCaractereCode" value="6"/>
	<ScmParam name="WriteFormat" value="1"/><!--Format d'ecriture 1 ASCII-->
	</ScmSet>
	
</ScmRoot>
