<?xml version="1.0" encoding="ISO-8859-1"?>
<ScmRoot>
	<ScmParam name="TextTitre" value="23633"/>
	<ScmParam name="SsTitre1" value="11618"/>
	<ScmParam name="SsTitre2" value="11616"/>
	<ScmParam name="SsTitre3" value="11617"/>
	<ScmParam name="SsTitre4" value="11619"/>
	<ScmParam name="SsTitre5" value="303"/>
	<ScmParam name="Consigne1" value="23688"/>
	<ScmParam name="Consigne2" value="23689"/>
	<ScmParam name="Consigne3" value="23690"/>
	<ScmParam name="Consigne4" value="23691"/>
	<ScmParam name="Consigne5" value="23692"/>
	<ScmParam name="Consigne6" value="23693"/>
	<ScmParam name="CmdePurgeARG" value="CF087"/>
	<ScmParam name="CmdePurgeAVG" value="CF088"/>
	<ScmParam name="CmdePurgeAVD" value="CF094"/>
	<ScmParam name="CmdePurgeARD" value="CF095"/>
	<ScmParam name="CmdeEnCours" value="13080"/>
	<ScmParam name="CmdeTerminee" value="13082"/>
	<ScmParam name="CmdeImpossible" value="570"/>
</ScmRoot>
