<ScmRoot>
      <ScmParam name="Title" value="9458"/>
      <ScmParam name="Message1" value="23902"/>
      <ScmParam name="Message3" value="13080"/>
      <ScmParam name="Message4" value="13082"/>
      <ScmParam name="Message5" value="23901"/>
      <ScmParam name="Message6" value="23903"/>
      <ScmParam name="Message7" value="23904"/>
      <ScmParam name="Message8" value="570"/>
      <ScmParam name="Message9" value="19808"/>
      <ScmParam name="Message10" value="19805"/>
      <ScmParam name="Message11" value="26255"/>
      <ScmParam name="Information" value="303"/>
      <ScmParam name="ClipError" value="896"/>
      <ScmParam name="MsgBoxBtnOK" value="19009"/>
      <ScmParam name="MessageBoxText" value="26255"/>
      <ScmParam name="FichierSav" value="sau_lvc2.xml"/>      <!-- Name of the recoding file-->
      <!--ScmParam name="Vdiag" value="ID003" /-->     <!--Vdiag identification-->
        <!--ScmParam name="Soft" value="ID003" /-->
        <!--ScmParam name="Mask" value="0xFF" /-->
    <!--Command response code text-->
      <ScmParam name = "CommandFinished" value = "13082"/>
      <ScmParam name = "CommandInProgress" value = "13080"/>
      <ScmParam name = "CommandImpossible" value = "13081"/>        
        <!--Vdiag identification-->
        <ScmSet name="DataVdiag">
      <ScmSet name="DataVdiag1">
            <ScmParam name="VdiagIni" value=""/>
            <ScmParam name="VdiagEnd" value=""/>
            <ScmSet name="RequestsWR">
                  <ScmParam name="VP012" value="§6"/> 
                  <ScmParam name="VP013" value="§5"/> 
                  <ScmParam name="VP014" value="§9"/> 
             </ScmSet>
      </ScmSet>  
</ScmSet>
</ScmRoot>
