<?xml version="1.0" encoding="iso-8859-1"?>
<?Doc_Info [$Revision:   1.0  $] [$Date:  20-02-14 09:21  $]?>
<ScmRoot>
      <ScmParam name="Title" value="9460"/>
      <ScmParam name="Message5" value="23819"/>      <!-- RESULT -->
      <ScmParam name="Information" value="303"/>      <!-- Informations title-->
      <ScmParam name="FichierSav" value="sau_kele.xml"/>      <!-- Name of the recoding file-->
      <ScmParam name="Message11" value="23820"/>      <!-- Message 1.1 -->
      <ScmParam name="Message12" value="18112"/>      <!-- Information  - Message 1.2 -->
      <ScmParam name="Message2" value="570"/>      <!-- Default error sreen message -->
      <ScmParam name="Message3" value="19801"/>      <!-- Error sreen message -  Message6 -->
      <ScmParam name="Message4" value="10033"/>      <!-- Error sreen message -  Message4 -->
      <ScmParam name="CmdeInProgress" value="13080"/>      <!-- COMMAND IN PROGRESS Message -->
      <ScmParam name="CmdeFinish" value="13082"/>      <!-- COMMAND FINISHED Message -->
      <ScmParam name="CmdeImpossible" value="570"/>      <!-- COMMAND IMPOSSIBLE Message -->
      <ScmParam name="MessageBoxTitle1" value="15795"/>      <!-- Clip -->
      <ScmParam name="MessageBoxTitle2" value="450"/>      <!-- Warning -->
      <ScmParam name="MsgBoxMessage" value="19803"/>      <!--Message box value - Message7 -->
      <ScmParam name="Yes" value="16869"/>      <!-- Yes -->
      <ScmParam name="No" value="16870"/>      <!-- No -->
      <!--Vdiag identification-->
      <ScmSet name="DataVdiag">
		<ScmSet name="DataVdiag1">
            <ScmParam name="Vdiag" value=""/>
            <ScmList name="Requests">
                  <ScmItem value="ID019"/>
                  <ScmItem value="ID020"/>
                  <ScmItem value="ID021"/>
                  <ScmItem value="ID022"/>
                  <ScmItem value="ID023"/>
                  <ScmItem value="ID024"/>
                  <ScmItem value="ID025"/>
                  <ScmItem value="ID026"/>
                  <ScmItem value="ID027"/>
                  <ScmItem value="ID028"/>
		  </ScmList>
      </ScmSet>
	</ScmSet>
</ScmRoot>
