<?xml version="1.0" encoding="iso-8859-1"?><!--!DOCTYPE ScenarioConf_Root SYSTEM "ScenarioManuel.dtd"-->
<?Doc_Info [$Revision:   1.0  $][$Date:   25 May 2010 15:42:44  $]?>
<ScmRoot>
  <!--Text References given in specification-->
  <ScmParam name="Title" value="18569" />		  <!-- PROGRAMMING THE INJECTIONIMMOBILISER CODE -->
  <ScmParam name="MessageNACK" value="570" />

  <ScmParam name="Message1" value="18654" />
  <ScmParam name="Message2" value="14207" />
  <ScmParam name="Message3" value="15946" />
  <ScmParam name="Message5" value="2293" />
  <ScmParam name="Message6" value="18663" />
  <ScmParam name="Message7" value="18641" />
  <ScmParam name="Message8" value="18650" />
  <ScmParam name="Message9" value="18642" />
  <ScmParam name="Message11" value="3135" />
  <ScmParam name="Message12" value="3208" />
  <ScmParam name="Message13" value="24365" />
  <ScmParam name="Message16" value="11826" />
  <ScmParam name="Message17" value="3004" />
  <ScmParam name="CmdInProgress" value="13080" />

 
  <ScmParam name="OperationType" value="3" />
 
 	<!-- Message Box -->
	<ScmParam name="MessageBoxCLIP" value="2500"/>
	<ScmParam name="MessageBoxInformations" value="237"/>
 
   <ScmParam name="State1ValueYes" value="16869" />
  <ScmParam name="State1ValueNo" value="16870" />
  <ScmParam name="State2ValueEnCours" value="16870" />
  <ScmParam name="State2ValueOK" value="16869" />
  <ScmParam name="State3ValueIndetermine" value="23611" />
  <ScmParam name="State3ValueNonAppris" value="18552" />
  <ScmParam name="State3ValueAppris" value="15924" />
  <ScmParam name="State4ValueNonProtegee" value="2773" />
  <ScmParam name="State4ValueProtegee" value="29999" />
    
  <ScmParam name="State1" value="ET049" />
  <ScmParam name="State2" value="ET210" />
  <ScmParam name="State3" value="ET229" />
  <ScmParam name="State4" value="ET250" />
  
  <ScmParam name="Param1" value="PR001" />
  <ScmParam name="U0" value="10"/>
  
  <ScmParam name="Cmd1" value="CF004" />
  <ScmParam name="Cmd2" value="CF037" />
  
   <ScmParam name="TimeT1" value="10000" />
   <ScmParam name="TimeT2" value="2000" />
 
</ScmRoot>