<?xml version="1.0" encoding="ISO-8859-1"?>
<ScmRoot>
	<ScmParam name="TextTitre" value=""/>
	
	<!-- Message structure -->
	<ScmParam name="Message_1" value="18661"/>    
	<ScmParam name="Message_2" value="3002"/>		<!-- Switch ignition off. -->
	<ScmParam name="Message_4" value="11826"/>		<!-- PROGRAMMING IN PROGRESS -->
	<ScmParam name="Message_5" value="14207"/>		
	<ScmParam name="Message_6" value="18641"/>		
	<ScmParam name="Message_7" value="18654"/>
	<ScmParam name="Message_8" value="14200"/>      <!-- Wrong code -->
	<ScmParam name="Message_9" value="18662"/>      <!-- Programming Ok -->
	<ScmParam name="Message_10" value="18663"/>     
	<ScmParam name="Message_11" value="18650"/>	
	<ScmParam name="Message_12" value="3004"/>		
	<ScmParam name="Message_13" value="18642"/>	
	<ScmParam name="Message_15" value="24365"/> 	<!-- Check calculator -->

	<!-- Message Box -->
	<ScmParam name="MessageBoxCLIP" value="2500"/>
	<ScmParam name="MessageBoxInformations" value="237"/>

	<!--  States Index -->
    <ScmParam name="APC_PRESENT" value="ET049"/> 
	<ScmParam name="ETAT_PRIVE_7" value="ET210"/>
	<ScmParam name="CODE_ANTIDEMMARAGE_INJ" value="ET229"/>
	
	<!-- Parameters -->
	<ScmParam name="Parameters" value="PR001"/> 
	<ScmParam name="U0" value="10"/>
	
	<!-- Title -->
	<ScmParam name ="ApprCodeAntiInj" value= "18569"/>

    <!-- Commands Sent to ECU -->
	<ScmParam name="ModeApprentissage_2" value="CF004"/> 
	<ScmParam name="ConfigurationPrivee_3" value="CF037"/> 
	
	<ScmParam name="Tempo T1" value="15000"/>
	
    <ScmParam name="MessageStatusBar" value="451"/>
	<ScmParam name="CommandEnCours" value="13080"/>
	<ScmParam name="CommandImpossible" value="28427"/>
	<ScmParam name="ProcedureInterrupted" value="570"/>
</ScmRoot>
