<?xml version="1.0" encoding="iso-8859-1"?>
<?Doc_Info [$Revision:   1.0  $] [$Date:   Mar 08 2013 09:58:56  $]?>
<ScmRoot>
	<ScmParam name="Title" value="14186"/>

	<ScmParam name="Message1" value="51349"/>
	<ScmParam name="Message2" value="58375"/>
	<ScmParam name="Message3" value=""/> <!--Not Used-->
	<ScmParam name="Message4" value="51925"/>
	<ScmParam name="Message5" value=""/> <!--Not Used-->
	<ScmParam name="Message26" value="17153"/> <!-- carte APC OFF -->
	<ScmParam name="Message6" value="62684"/> <!-- carte APC ON -->
	<ScmParam name="Message8" value="62682"/>
	<ScmParam name="Message9" value="2340"/>
	<ScmParam name="Message11" value="50091"/>
	<ScmParam name="Message12" value="62690"/>
	<ScmParam name="Message13" value="59874"/>
	<ScmParam name="Message14" value="22561"/>
	<ScmParam name="Message15" value="54969"/> 
	<ScmParam name="Message16" value="62685"/> 
	<ScmParam name="Message17" value="52849"/>
	<ScmParam name="Message18" value="50089"/>
	<ScmParam name="Message19" value="14186"/>
	<!--ScmParam name="Message20" value="54968"/ see MessageBox20 -->
	<ScmParam name="Message22" value="52755"/>
	<ScmParam name="Message23" value="51372"/>
	<ScmParam name="Message24" value="60829"/>

	<ScmParam name="MessageBox1" value="2350"/>
	<ScmParam name="MessageBox20" value="4394"/>

	<ScmParam name="OUI" value="4531"/>
	<ScmParam name="NON" value="4532"/>
	<ScmParam name="MessageBoxTitle1" value="2500"/><!-- CLIP -->
	<ScmParam name="MessageBoxTitle2" value="237"/><!-- 303 Informations -->

	<ScmParam name="GiveUpButton" value="426"/>	

	<ScmParam name="ErrorMessage" value="570"/>
	
	<!--ScmParam name="MessageAfterAPV" value=""/-->
	
	<ScmParam name="BypassEmptyRequest" value="1"/> <!--bypass Empty Request (use for Ident4 in Config 8 -->
	<!--ScmParam name="BypassAPV" value="1"/--> <!--bypass APV module -->	
	<!--ScmParam name="APVModule" value="X91"/--> <!-- select APV module X84 or X91(default)-->	
	
	<ScmParam name="TempoT1" value="1000"/>
	<ScmParam name="TempoT2" value="10000"/>
	<ScmParam name="TempoT3" value="1000"/>
	
	<ScmParam name="TypeOP" value="1"/>	
	
        <!--Command response code text-->
        <ScmParam name="CommandFinished" value="13082"/>
        <ScmParam name="CommandInProgress" value="13080"/>
        <ScmParam name="CommandImpossible" value="13081"/>  
        <ScmParam name="CommandImpossible2" value="28427"/>
        
        <ScmParam name="State1" value="ET001"/>      
        <ScmParam name="State2" value="ET032"/>      
        <ScmParam name="State3" value=""/>      
        <ScmParam name="State4" value="ET004"/>      
        <ScmParam name="State5" value="ET006"/>      
        <ScmParam name="State6" value="ET033"/>  <!-- Not Used -->    
        <ScmParam name="State7" value="ET029"/>         
		
	<ScmParam name="State1_NO" value="16870"/>
	<ScmParam name="State2_IKEY" value="16870"/>
	<ScmParam name="State3_NO" value="16870"/>
	<ScmParam name="State3_YES" value="16869"/>
	<ScmParam name="State4_YES" value="16869"/>
	<ScmParam name="State5_YES" value="16869"/>
	<ScmParam name="State7_YES" value="16869"/>		
		
        <ScmParam name="Config1" value="CF004"/>      
        <ScmParam name="Config2" value=""/>      
        <ScmParam name="Config3" value="CF006"/>      
        <ScmParam name="Config4" value="CF028"/>      
        <ScmParam name="Config5" value=""/>      
        <ScmParam name="Config7" value="CF002"/>      
        <ScmParam name="Config8" value=""/>    

        <ScmParam name="Ident1" value="ID009"/> 
        <ScmParam name="Ident2" value=""/>      
        <ScmParam name="Ident3" value=""/>   
        <ScmParam name="Ident4" value=""/>  
		
        <ScmParam name="Param1" value="PR007"/>      
        <ScmParam name="Param2" value="PR003"/>      
        <ScmParam name="Param3" value="PR008"/>      
   
</ScmRoot>
        