<?xml version="1.0" encoding="iso-8859-1"?>
<!--!DOCTYPE ScenarioConf_Root SYSTEM "ScenarioManuel.dtd"-->
<ScmRoot>
  <!--Text References given in specification-->
  <ScmParam name="SCMTitle"   value="23579" /><!-- CABIN FILTER REGENERATION -->
  <ScmParam name="Message1"   value="18466" />
  <ScmParam name="Message2"   value="14207" />
  <ScmParam name="Message5"   value="15949" />
  <ScmParam name="Message6"   value="563"   />
  <ScmParam name="Message7"   value="567"   />
  <ScmParam name="Message8"   value="4062"  />
  <ScmParam name="Message9"   value="50088" />
  <ScmParam name="Message91"  value="827"   />
  <ScmParam name="Message92"  value="2347"  />
  <ScmParam name="Message10"  value="828"   />
  <ScmParam name="Message11"  value="2339"  />
  <ScmParam name="Message12"  value="2363"  />
  <ScmParam name="Message13"  value="2340"  />
  <ScmParam name="Message14"  value="50090" />
  <ScmParam name="Message15"  value="50087" />
  <ScmParam name="Message151" value="50086" />
  <ScmParam name="Message16"  value="2345"  />
  <ScmParam name="Message17"  value="2336"  />
  <ScmParam name="Message18"  value="2344"  />
  <ScmParam name="Message19"  value="4394"  />
  <ScmParam name="Message20"  value="2341"  />
  <ScmParam name="Message21"  value="2342"  />
  <ScmParam name="Message22"  value="565"   />
  <ScmParam name="Message23"  value="2343"  />
  <ScmParam name="Message24"  value="14210" />
  <ScmParam name="Message25"  value="24752" />
  <ScmParam name="Message26"  value="50089" />
  <ScmParam name="Message30"  value="50091" />
  <ScmParam name="Message31"  value="18519" />
  <ScmParam name="Message32"  value="18641" />

  <ScmParam name="MsgBoxTitle"  value="303"/><!-- Mesasage Box Title -->
  <ScmParam name="Texte1"       value="826"/><!-- Mesasage Box Text1 -->
  <ScmParam name="Texte2"       value="564"/><!-- Mesasage Box Text2 -->
  <ScmParam name="Button1"      value="453"/><!-- Mesasage Box Button 'Terminer' -->
  <ScmParam name="Button2"      value="324"/><!-- Mesasage Box Button 'Suivant' -->
  <ScmParam name="Button3"      value="927"/><!-- Mesasage Box Button 'Give up' -->
  
  <ScmParam name="TextCommandInProgress"    value="13080" /><!-- COMMAND IN PROGRESS -->
  <ScmParam name="TextCommandFinished"      value="13082" /><!-- COMMAND FINISHED -->
  <ScmParam name="CommandImpossibleMessage" value="570" />

  <ScmParam name="Timer_T1"   value="10"   />
  <ScmParam name="Timer_T2"   value="5"    />
  <ScmParam name="Timer_T3"   value="30"   />
  <ScmParam name="Timer_T4"   value="360"  />
  <ScmParam name="Timer_T5"   value="7"  />
  
  <ScmParam name="LimitVoltage"   value="10.5"  />
  <ScmParam name="NULL_VIN"   value="0000000000000000000000000000000000"  />
  <ScmParam name="Value_Cmde6"   value="00000000000000000000000000"  />

  <ScmParam name="Yes" value="16869" />
  <ScmParam name="No"  value="16870" />
    
  <!-- Screen10 -->
  <ScmParam name="txtState3"  value="15945"/>

  <!-- Param 1 name -->
  <ScmParam name="Name1" value="566"/>
  <ScmParam name="Name2" value="15991"/>
  <ScmParam name="Name3" value="50100"/>

  <!-- flag -->
  <ScmParam name="Cmde6Send" value="1"/>
  <ScmParam name="Cmde6"     value="CF007" />
  <ScmParam name="Param1"    value="PR013" />

  <ScmSet name="Commands">  
    <!--Commands and their corresponding indexes-->
    <ScmParam name="Cmde1"  value="CF003" />
    <ScmParam name="Cmde2"  value="CF004" />
    <ScmParam name="Cmde3"  value="CF002" />
    <ScmParam name="Cmde4"  value="CF005" />
    <ScmParam name="Cmde5"  value="CF006" />
    <ScmParam name="Cmde7"  value="CF077" />
    <ScmParam name="Cmde8"  value="CF010" />
    <ScmParam name="Cmde9"  value="CF082" />

    <ScmParam name="Ident1" value="ID026"/>
    <ScmParam name="Ident2" value="ID031"/>
    <ScmParam name="Ident3" value="ID001"/>
    <ScmParam name="Ident4" value="ID028"/>

    <!--Parameters & State-->
    <ScmParam name="Param1"  value="PR013"/>
    <ScmParam name="Param2"  value="PR001" />
   <ScmParam name="State1"  value="ET008"/>
    <ScmParam name="State3"  value="ET014"/>
    <ScmParam name="State5"  value="ET012"/>
    <ScmParam name="State6"  value="ET009"/>
    <ScmParam name="State7"  value="ET013"/>  
    <ScmParam name="State8"  value="ET003"/>
    <ScmParam name="State9"  value="ET269"/>
    <ScmParam name="State10" value="ET274"/>
    <ScmParam name="State11" value="ET068"/>
    <ScmParam name="State12" value="ET210"/>
    <ScmParam name="State13" value="ET211"/>

    <!--Reading configurations-->
    <ScmParam name="Lect1" value="LC001"/>
  </ScmSet>
</ScmRoot>
