<?xml version="1.0" encoding="ISO-8859-1"?>
<!--!DOCTYPE ScenarioConf_Root SYSTEM "ScenarioManuel.dtd"-->
<ScmRoot>
	<ScmParam name="TextTitre" value="16439"/>
	<ScmParam name="MessageTextTitre1" value="2500"/>	
	<ScmParam name="MessageTextTitre2" value="237"/>	
	<ScmParam name="Label_CouperContact" value="3002"/>
	<ScmParam name="Label_Cmd_En_Course" value="13080"/>
	<ScmParam name="Label_APV_Entry" value="14187"/>
	<ScmParam name="StatusBar_APV_Entry" value="451"/>
	<ScmParam name="Label_MettreContact" value="16975"/>	
	<ScmParam name="Label_Apprentissage_Progress" value="11826"/>	
	<ScmParam name="Label_Apprentissage_Failure" value="18658"/>
	<ScmParam name="Command_ROUTINE_APPRENTISSAGE" value="CF002"/>
	<ScmParam name="Command_ABANDON_APPRENTISSAGE" value="CF006"/>
	<ScmParam name="Command_TEST_CARTE" value="AC050"/>
	<ScmParam name="State_APC_Present" value="ET049"/>
	<ScmParam name="State_CPU_VIRGIN_COCKPIT" value="ET008"/>
	<ScmParam name="State_TRG_CPU_COCKPIT" value="ET220"/>
	<ScmParam name="State_VIRGIN_CLE" value="ET182"/>
	<ScmParam name="State_TRG_UCH" value="ET220"/>
	<ScmParam name="Parameter_Tension_Battery" value="PR001"/>
	<ScmParam name="Value_Tension_Battery" value="10"/>
	<!-- Modification starts PONU41NT050129.001.doc - Apprentissage UCH -->
	<!-- <ScmParam name="Value_Timer" value="10000"/> -->
	<ScmParam name="Value_Timer1" value="15000"/>
	<ScmParam name="Value_Timer2" value="1000"/>
	<!-- Modification end PONU41NT050129.001.doc - Apprentissage UCH -->
	<ScmParam name="Exit_Screen_Message1" value="18654"/>
	<ScmParam name="Exit_Screen_Message2" value="14207"/>
	<ScmParam name="Exit_Screen_Message5" value="18659"/>
	<ScmParam name="Exit_Screen_Message6" value="18655"/>

    <!-- Modification starts RR_SCM_J77_V1.1.xls - Apprentissage UCH - 4 -->
    <!-- <ScmParam name="Exit_Screen_Message7" value="18567"/> -->
	<ScmParam name="Exit_Screen_Message7" value="18657"/>
	<!-- Modification ends RR_SCM_J77_V1.1.xls - Apprentissage UCH - 4 -->

	<ScmParam name="Exit_Screen_Message9" value="18641"/>
	<ScmParam name="Exit_Screen_Message11" value="18660"/>
	<ScmParam name="Message_Box13" value="18642"/>	
	<ScmParam name="Message_Box14" value="18653"/>
	<ScmParam name="Message_Box18" value="18649"/>
	<ScmParam name="Message_Box19" value="18650"/>
	<ScmParam name="Number_Keys_ID_Set" value="data:/ApprentissageUCHJ77"/>
	<ScmParam name="Number_Keys_ID_Data" value="N"/>
	<!-- Modification starts PONU41NT040348.005.doc - Apprentissage UCH -->
	<ScmParam name="Command_Flag" value="0"/>
	<ScmParam name="State_Flag" value="0"/>
	<!-- Modification ends-->
	
	<!-- BEGIN MODIF PON U41 NT 05 0129.001 -->
	<ScmParam name="TextMessage3"  value="3135"/>
	<ScmParam name="TextMessage4"  value="27557"/>
	<ScmParam name="TextMessage12" value="3208"/>
	<ScmParam name="Exit_Screen6_Message" value="18657"/>
	<ScmParam name="Screen6SubTitle"      value="14420"/>
	<ScmParam name="Screen6StateLabel"    value="13152"/>
	<ScmParam name="Screen6StateValueYES" value="4531"/>
	<ScmParam name="Screen6StateValueNO"  value="4532"/>
	<!-- BEGIN MODIF PON U41 NT 05 0129.001 -->
</ScmRoot>