<?xml version="1.0" encoding="ISO-8859-1"?>
<ScmRoot>
  <!-- Text of the title of the scenario -->
	<ScmParam name="TextTitle" value="18508"/><!-- KEY ASSIGNEMENT -->
	
	<!-- Messages used in the scenario -->
	<ScmParam name="Message_1" value="18466"/><!-- The UCH is has not been programmed. Perform the programming procedure for the UCH. -->
	<ScmParam name="Message_2" value="14207"/><!-- PROCEDURE INTERRUPTED -->
	<ScmParam name="Message_3" value="15946"/><!-- Incorrect code -->
	<ScmParam name="Message_4" value="27557"/><!-- Switch off the ignition and leave the key in the ignition, then press confirm. -->
	<ScmParam name="Message_5" value="18656"/><!-- GET ALL VEHICLE'S KEYS. KEYS NOT INSERTED DUR PROC WILL NOT WORK. -->
	<ScmParam name="Message_6" value="18982"/>
	<ScmParam name="Message_7" value="14187"/><!-- ENTER THE AFTER-SALES CODE. If you do not know the after-sales code, contact the Techline. -->
	<ScmParam name="Message_8" value="24265"/><!-- Insert the following key into the ignition and swith on the ignition. -->
	<ScmParam name="Message_9" value="18641"/><!-- LOW BATTERY VOLTAGE. PROCEDURE INTERRUPTED. -->
	<ScmParam name="Message_10" value="18582"/><!-- KEY ALREADY INSERTED FOR ALLOCATION. -->
	<ScmParam name="Message_11" value="18580"/><!-- KEY ALLOCATION HAS FAILED. MAKE SURE THERE ARE NO SOURCES OF ELECTROMAGNETIC INTERFERENCE NEARBY. IF NECESSARY, CONTACT THE TECHLINE -->
	<ScmParam name="Message_12" value="26495"/><!-- The procedure is complete. -->
	<ScmParam name="Message_13" value="18650"/><!-- + After ignition feed not detected, switch on the + after ignition feed. -->
	<ScmParam name="Message_14" value="18649"/><!-- Format incorrect. The code must have 12 characters. The characters permitted are: 0,1,2,3,4,5,6,7,8,9,A,B,C,D,E,F. -->
	<ScmParam name="Message_15" value="18642"/><!-- + After ignition feed detected, cut the + after ignition feed. -->
	<ScmParam name="Message_16" value="18651"/><!-- Allocate another key? -->
	<ScmParam name="Message_17" value="18581"/><!-- ALLOCATION IN PROGRESS. DO NOT REMOVE THE KEY. -->
	<ScmParam name="Message_18" value="3002"/><!-- SWITCH IGNITION OFF. -->
	<ScmParam name="Message_19" value="14210"/><!-- WRITING DATA TO MEMORY -->
	<ScmParam name="Message_20" value="2348"/>
	<ScmParam name="Message_22" value="2350"/>
	<ScmParam name="Message_23" value="2351"/>
	<ScmParam name="Message_24" value="2370"/>
	<ScmParam name="Message_25" value="2371"/>
	<ScmParam name="Message_26" value="2372"/>
	<ScmParam name="Message_27" value="2377"/>
	<ScmParam name="Message_Nack" value="570"/>
	
  <!-- Texts for message box -->	
	<ScmParam name="TextYES" value="4531"/><!-- YES -->
	<ScmParam name="TextNO" value="4532"/><!-- NO -->
	<ScmParam name="TextClip" value="2500"/><!-- CLIP -->
	<ScmParam name="TextInfo" value="237"/><!-- Informations -->

	<ScmParam name="TextNumberOfKeys" value="13422"/><!-- NUMBER OF KEYS AFFECTED -->
	<ScmParam name="TextCmdInProgress" value="13080"/><!-- COMMAND IN PROGRESS -->
	<ScmParam name="TextCmdFinished" value="13081"/><!-- COMMAND FINISHED -->
	<ScmParam name="TextCmdInpossible" value="28427"/><!-- COMMAND INPOSSIBLE -->
	<ScmParam name="TextStatusBar" value="451"/><!-- Input the requested information, then validate -->
	<ScmParam name="ClipError" value="896"/>
	
	<!-- Values of temporisations -->
	<ScmParam name="Tempo1" value="10000"/>
	<ScmParam name="Tempo2" value="10000"/>
    <ScmParam name="Tempo3" value="2000"/>
    <ScmParam name="Tempo4" value="2000"/>
    <ScmParam name="Tempo5" value="4000"/>
    <ScmParam name="Tempo6" value="2000"/>
  
  <!-- Commands used in scenario -->
	<ScmParam name="Cmd1" value="CF002"/><!-- ROUTINE TRAINING -->
	<ScmParam name="Cmd2" value="CF006"/><!-- ABANDONMENT TRAINING -->
	<ScmParam name="Cmd3" value="CF005"/><!-- VALIDATION TRAINING -->
    <ScmParam name="Cmd4" value="AC078"/><!-- PRIVATE COMMAND 15 -->
    <ScmParam name="Cmd5" value="AC050"/><!-- TEST CARTE -->
  
  <!-- Parameters used in scenario -->
	<ScmParam name="Param1" value="PR001"/><!-- BATTERY VOLTAGE -->
    <ScmParam name="Param2" value="PR056"/><!-- NUMBER OF KEYS AFFECTED -->
	
  <!-- States used in scenario -->
    <ScmParam name="State1" value="ET049"/><!-- +APC PRESENT -->
	<ScmParam name="State2" value="ET008"/><!-- UNITE CENTRALE HABITACLE VIERGE -->
	<ScmParam name="State3" value="ET219"/><!-- ROUTINE TRAINING -->
    <ScmParam name="State4" value="ET183"/><!-- KEY ALREADY LEARNED BY THE VEHICULE -->
    <ScmParam name="State5" value="ET407"/><!-- KEY A MEMORY -->
    <ScmParam name="State6" value="ET185"/><!-- KEY A MEMORY -->
    <ScmParam name="State7" value="ET182"/><!-- KEY A MEMORY -->

    <ScmParam name="Lect1" value="LC089"/><!-- FUNCTION KEY A MEMORY -->

    <ScmParam name="Ident1" value="ID026"/>

  <!-- Battery voltage limit -->
	<ScmParam name="Battery_U0" value="10"/>
	
  <!-- Code lenght -->  
    <ScmParam name="Code_Length" value="12"/>
    
  <!-- Give Up button -->  
    <ScmParam name="GiveUpBtn" value="927"/>
  
</ScmRoot>
