<?xml version="1.0" encoding="ISO-8859-1"?>
<ScmRoot>
        <!--Scenario Title-->
        <ScmParam name = "Title" value = "16439"/>

        <!--Scenario messages-->
        <ScmParam name = "Message1" value = "52608"/>
        <ScmParam name = "Message2" value = "51517"/>
        <ScmParam name = "Message3" value = "51518"/>
        <ScmParam name = "Message4" value = "827"/>
        <ScmParam name = "Message5" value = "51385"/>
        <ScmParam name = "Message6" value = "51580"/>
        <ScmParam name = "Message8" value = "51386"/>
        <ScmParam name = "Message9" value = "15950"/>
        <ScmParam name = "Message10" value = "4394"/>
        <ScmParam name = "Message11" value = "51521"/>
        <ScmParam name = "Message12" value = "565"/>
        <ScmParam name = "Message13" value = "51522"/>
        <ScmParam name = "Message14" value = "15952"/>
        <ScmParam name = "Message15" value = "51579"/>
        <ScmParam name = "MessageNACK" value = "570"/>

	    <ScmParam name = "Clip" value = "2500"/>
	    <ScmParam name = "Informations" value = "303"/>
		<ScmParam name = "Quit" value = "426"/>
		<ScmParam name = "Yes" value = "4531"/>
		<ScmParam name = "No" value = "4532"/>
		<ScmParam name = "CommandInProgress" value = "13080"/>

        <ScmParam name = "StateTxt_Yes" value = "16869"/>
        <ScmParam name = "StateTxt_No" value = "16870"/>
        <ScmParam name = "StateTxt_APC" value = "26475"/>

        <!--Timer intervals-->
        <ScmParam name = "Time1" value = "10000"/><!--milliseconds-->
        <ScmParam name = "Time2" value = "3000"/><!--milliseconds-->

        <!--Values to check-->
        <ScmParam name = "SendConfig1" value = "true"/>
        <ScmParam name = "SendConfig2" value = "false"/>
        <ScmParam name = "TypeOp" value = "2"/>

        <!--Commands-->
        <ScmParam name = "Conf1" value = "CF006"/>
        <ScmParam name = "Conf2" value = "CF005"/>
        <ScmParam name = "Conf3" value = "CF225"/>
        <ScmParam name = "Conf4" value = "CF204"/>
        <ScmParam name = "State1" value = "ET008"/>
        <ScmParam name = "State2" value = "ET013"/>
        <ScmParam name = "State3" value = "ET014"/>
        <ScmParam name = "State4" value = "ET011"/>
        <ScmParam name = "State5" value = "ET477"/>
</ScmRoot>
