<?xml version="1.0" encoding="iso-8859-1"?>
<!--!DOCTYPE ScenarioConf_Root SYSTEM "ScenarioManuel.dtd"-->
<ScmRoot>
	<!--Text References given in specification-->
	<ScmParam name="TextTitle" value="29786"/>
	<!-- STEERING COLUMN IMMOBILISER CODE -->
	<ScmParam name="TextMessage0" value="30894"/>
	<!-- The training of the code anti starting of the bolt is not possible that if the Central processing unit Cockpit and the charts are learned. -->
	<ScmParam name="TextMessage1" value="2726"/>
	<!-- Attempt to start the engine -->
	<ScmParam name="TextMessage2" value="4951"/>
	<!-- Enter the after-sales code. After-sales code unknown: contact Techline. Programming must be finished within 10 minutes -->
	<ScmParam name="TextMessage3" value="595"/>
	<!-- Procedure interrupted: Please repeat procedure by clicking on Finish then select required operation again. -->
	<ScmParam name="TextMessage4" value="18641"/>
	<!-- LOW BATTERY VOLTAGE. PROCEDURE INTERRUPTED. -->
	<ScmParam name="TextMessage5" value="18654"/>
	<!-- PROGRAMMING ALREADY DONE. -->
	<ScmParam name="TextMessage6" value="14200"/>
	<!-- WRONG CODE -->
	<ScmParam name="TextMessage7" value="1469"/>
	<!-- PROGRAMMING COMPLETED -->
	<ScmParam name="TextMessage8" value="18663"/>
	<!-- IMMOBILISER CODE PROGRAMMING FAILURE. RESTART PROCEDURE. IF THE FAULT IS STILL PRESENT, CONTACT TECHLINE. -->
	<ScmParam name="TextMessage9" value="9669"/>
	<!-- Procedure interrupted: The code entered may be incorrect. Contact the Techline if necessary. Click on Finish button ; to return to the list of possible operations. -->
	<ScmParam name="TextMessage10" value="30895"/>
	<!-- To withdraw the chart of puts back chart then to give it.  To then carry out an attempt at starting of the engine. -->
	<ScmParam name="TextCmdImp" value="570"/>
	<!-- PROCEDURE STOPPED:COMMAND IMPOSSIBLE -->
	<ScmParam name="TextCmdInProgress" value="13080"/>
	<!-- COMMAND IN PROGRESS -->
	<ScmParam name="TextCmdFinished" value="13082"/>
	<!-- COMMAND FINISHED -->
	<ScmParam name="MsgBoxTitle" value="27781"/>
	<!-- CLIP - ERROR -->
	<ScmParam name="MsgBox1Message" value="9671"/>
	<!-- Starting conditions not satisfied. -->
	<ScmParam name="MsgBox2Message" value="18649"/>
	<!-- Format incorrect. The code must have 12 characters. The characters permitted are: 0,1,2,3,4,5,6,7,8,9,A,B,C,D,E,F. -->
	<ScmParam name="MsgBoxButOK" value="19009"/>
	<!-- OK -->
	<!--Commands and their corresponding indexes-->
	<ScmParam name="CommandCF037" value="CF037"/>
	<!-- 	Protected programming lock.	\n = 6 octets en hexa. -->
	<ScmParam name="CommandCF038" value="CF038"/>
	<!-- 	Abandonment programming mode protected lock -->
	<!--States and their corresponding indexes-->
	<ScmParam name="StateET071" value="ET071"/>
	<!-- 	Blank column lock -->
	<ScmParam name="StateET208" value="ET208"/>
	<!-- 	Programming lock authorized for 10 min. -->
	<ScmParam name="StateET206" value="ET206"/>
	<!-- 	The electricity supply of the lock -->
	<!--Parameters and their corresponding indexes-->
	<ScmParam name="ParameterPR001" value="PR001"/>
	<!-- 	Battery Voltage -->
	<ScmParam name="Timer" value="30000"/>
	<!-- The timer T1 = 30000ms -->
	<ScmParam name="Voltage" value="10"/>
	<!-- The voltage U0=10.0V -->
	<ScmParam name="APV_Message_1" value="1419"/><!-- Seed Code label -->
	<ScmParam name="APV_Message_2" value="1420"/><!-- APV Code label -->
	<ScmParam name="APV_Message_A3" value="1422"/><!-- Wrong code -->
	<ScmParam name="APV_Message_A2" value="1421"/><!-- Seed code expired -->
	<ScmParam name="APV_Message_A4" value="1423"/><!-- Maximum number of tries reached -->
	<ScmParam name="APV_Message_A5" value="1424"/><!-- Invalid APV Code format -->
	<!-- Code length -->  
	<ScmParam name="Code_Length" value="12"/>
</ScmRoot>
