<?xml version="1.0" encoding="iso-8859-1"?><!--!DOCTYPE ScenarioConf_Root SYSTEM "ScenarioManuel.dtd"-->
<?Doc_Info [$Revision:   1.0  $][$Date:   Oct 03 2008 18:27:44  $]?>
<ScmRoot>
  <!--Text References given in specification-->
  <ScmParam name="Title" value="16439" />		  <!-- PROGRAM BODY COMPUTER -->
  <ScmParam name="MessageNACK" value="570" />

  <ScmParam name="Message1" value="18654" />
  <ScmParam name="Message2" value="14207" />
  <ScmParam name="Message3" value="3135" />
  <ScmParam name="Message4" value="27557" />
  <ScmParam name="Message5" value="18659" />
  <ScmParam name="Message6" value="18655" />
  <ScmParam name="Message7" value="18657" />
  <ScmParam name="Message8" value="14187" />
  <ScmParam name="Message9" value="18641" />
  <ScmParam name="Message11" value="18660" />
  <ScmParam name="Message12" value="3208" />
  <ScmParam name="Message13" value="18642" />
  <ScmParam name="Message14" value="18653" />
  <ScmParam name="Message15" value="16975" />
  <ScmParam name="Message16" value="18581" />
  <ScmParam name="Message17" value="18658" />
  <ScmParam name="Message18" value="18649" />
  <ScmParam name="Message19" value="18650" />
  
  <ScmParam name="OperationType" value="2" />
  <ScmParam name="U0Value" value="10" />
  
  <ScmParam name="CmdInProgress" value="13080" />
  <ScmParam name="YES" value="16869" />
  <ScmParam name="OK" value="19009" />
  <ScmParam name="State3Label" value="13152"/>
  
  <ScmParam name="State1" value="ET049" />
  <ScmParam name="State2" value="ET008" />
  <ScmParam name="State3" value="ET182" />
  <ScmParam name="State4" value="ET220" />
  
  <ScmParam name="Cmd1" value="CF002" />
  <ScmParam name="Cmd2" value="CF006" />
  <ScmParam name="Cmd3" value="AC050" />
  <ScmParam name="Cmd4" value="CF038" />
 
  <ScmParam name="Param1" value="PR001" />
  
   <ScmParam name="TimeT1" value="15000" />
   <ScmParam name="TimeT2" value="2000" />
   <ScmParam name="TimeT3" value="2000" />
 
</ScmRoot>
