<?xml version="1.0" encoding="ISO-8859-1"?>
<ScmRoot>
  <!-- Text of the title of the scenario -->
	<ScmParam name="TextTitle"   value="23579"/>

	<!-- Messages used in the scenario -->
	<ScmParam name="Message1"   value="51349"/>
	<ScmParam name="Message2"   value="51527"/>
	<ScmParam name="Message3"   value="51528"/>
	<ScmParam name="Message4"   value="52502"/>
	<ScmParam name="Message5"   value="51576"/>
	<ScmParam name="Message6"   value="51529"/>
	<ScmParam name="Message7"   value="52556"/>
	<ScmParam name="Message8"   value="14210"/>
	<ScmParam name="Message9"   value="18466"/>
	<ScmParam name="Message10"  value="51574"/>
	<ScmParam name="Message11"  value="50089"/>
	<ScmParam name="Message12"  value="828"/>
	<ScmParam name="Message13"  value="51385"/>
	<ScmParam name="Message14"  value="15903"/>
	<ScmParam name="Message15"  value="51568"/>
	<ScmParam name="Message16"   value="2340"/>
	<ScmParam name="Message17"   value="52851"/>
	<ScmParam name="Message18"   value="50091"/>
	<ScmParam name="Message19"   value="51372"/>
	<ScmParam name="Message20"   value="563"/>
	<ScmParam name="Message21"   value="14207"/>
	<ScmParam name="Message22"   value="51575"/>
	<ScmParam name="Message23"   value="52557"/>
	<ScmParam name="Message24"   value="51386"/>
	<ScmParam name="Message25"  value="564"/>
	<ScmParam name="Message26"  value="826"/>
	<ScmParam name="Message27"  value="51351"/>
	<ScmParam name="Message28"  value="2344"/>
	<ScmParam name="Message29"  value="4394"/>
	<ScmParam name="Message30"  value="50091"/>
	<ScmParam name="Message31"  value="51577"/>
	<ScmParam name="Message32"  value="51387"/>
	<ScmParam name="Message33"  value="50100"/>
	<ScmParam name="Message34"  value="15991"/>
	<ScmParam name="Message35"  value="566"/>
	<ScmParam name="Message36"  value="52849"/>
	<ScmParam name="Message37"  value="52850"/>

	<ScmParam name="Message_Nack" value="570"/>
	
	<ScmParam name="TextCmdInProgress" value="13080"/>

  <!-- Texts for message box -->	
	<ScmParam name="TextYES"   value="4531"/>
	<ScmParam name="TextNO"    value="4532"/>
	<ScmParam name="TextClip"  value="2500" /><!-- CLIP -->
	<ScmParam name="TextInfo"  value="237"  /><!-- 303 Informations -->
	<ScmParam name="TextNext" value = "324"/>
	<ScmParam name="TextFinish" value = "453"/>
	
	<!-- Text for 'GiveUp' button -->
	<ScmParam name="ButtonGiveUp" value="426"/>

	<!-- Values of temporisations -->
	<ScmParam name="Timer2" value="10000" />
	<ScmParam name="Timer4" value="5000"/>
	<ScmParam name="Timer5" value="2000"/>
  
<!--States Code texts-->
	<ScmParam name = "StateTxt_Yes" value = "16869"/>
	<ScmParam name = "StateTxt_No" value = "16870"/>
	<ScmParam name = "StateTxt_NonMainLibre" value = "15930"/>
	<ScmParam name = "StateTxt_MainLibre" value = "15929"/>
	<ScmParam name = "StateTxt_APC" value = "26475"/>
	<ScmParam name = "StateTxt_DEMARRAGE" value = "18186"/>
	<ScmParam name = "StateTxt_ACCESSOIRE" value = "18185"/>
	<ScmParam name = "StateTxt_AUCUN" value = "31590"/>
	<ScmParam name = "StateTxt_Active" value = "16801"/>
	<ScmParam name = "StateTxt_Inactive" value = "16800"/>
	<ScmParam name = "StateTxt_With" value = "16802"/>
	<ScmParam name = "StateTxt_Without" value = "16803"/>
	<ScmParam name = "StateTxt_X91" value = "198"/>
	<ScmParam name = "StateTxt_Autres" value = "814"/>


  <ScmSet name="Commands" >
  
    <!-- States used in scenario -->
    <ScmParam name="State1" value="ET008"/>
  	<ScmParam name="State2" value="ET009"/>
  	<ScmParam name="State3" value="ET477"/>
    <ScmParam name="State4" value="ET014"/>
    <ScmParam name="State5" value="ET003"/>
    <ScmParam name="State6" value="ET012"/>
  	<ScmParam name="State7" value="ET011"/>
  	<ScmParam name="State8" value="ET206"/>
    <ScmParam name="State9" value="ET209"/>
    <ScmParam name="State10" value="ET210"/>
    <ScmParam name="State11" value="ET498"/>
    <ScmParam name="State12" value="ET013"/>
  	<ScmParam name="Lect1" value="LC001"/>
  	<ScmParam name="Lect2" value="LC016"/>
    
    <!-- Commands used in scenario -->
  	<ScmParam name="Cmd1" value="CF003"/>
  	<ScmParam name="Cmd2" value="CF004"/>
  	<ScmParam name="Cmd3" value="CF006"/>
  	<ScmParam name="Cmd4" value="CF005"/>
  	<ScmParam name="Cmd5" value="CF002"/>
  	<ScmParam name="Cmd6" value="CF203"/>
  	<ScmParam name="Cmd7" value="CF204"/>
  	<ScmParam name="Cmd8" value="CF007"/>
  	<ScmParam name="Cmd9" value="CF210"/>
  	
  	<!-- Idents used in scenario -->
  	<ScmParam name="Ident1" value="ID027"/>
  	<ScmParam name="Ident2" value="ID028"/>
  	<ScmParam name="Ident3" value="ID014"/>
  	<ScmParam name="Ident4" value="ID026"/>
  	
	<!-- Parameters -->
	<ScmParam name="Param1" value="PR013"/>
  	
  </ScmSet>
</ScmRoot>
