<?xml version="1.0" encoding="ISO-8859-1"?>
<ScmRoot>
  <!-- Text of the title of the scenario -->
	<ScmParam name="TextTitle" value="16490"/>

	<!-- Messages used in the scenario -->
	<ScmParam name="Message_1" value="16969"/>
	<ScmParam name="Message_2" value="4951"/>
	<ScmParam name="Message_3" value="18466"/>
	<ScmParam name="Message_4" value="18467"/>
	<ScmParam name="Message_5" value="16983"/>
	<ScmParam name="Message_6" value="16985"/>
	<ScmParam name="Message_7" value="27773"/>
	<ScmParam name="Message_8" value="16988"/>
	<ScmParam name="Message_9" value="16989"/>
	<ScmParam name="Message_12" value="15903"/>
	<ScmParam name="Message_13" value="18649"/>

	<ScmParam name="Message_Nack" value="570"/>

  <!-- Texts for message box -->	
	<ScmParam name="TextYES" value="4531"/><!-- YES -->
	<ScmParam name="TextNO" value="4532"/><!-- NO -->
	<ScmParam name="TextOK" value="19009"/><!-- OK -->
	<ScmParam name="TextClip" value="2500"/><!-- CLIP -->
	<ScmParam name="TextInfo" value="303"/><!-- Informations -->

	<ScmParam name="TextCmdInProgress" value="13080"/><!-- COMMAND IN PROGRESS -->
	
	<!-- Values of temporisations -->
	<ScmParam name="Tempo1" value="500"/>
	<ScmParam name="Tempo2" value="6000"/>

  <!-- Commands used in scenario -->
	<ScmParam name="Cmd1" value="CF041"/>
	<ScmParam name="Cmd2" value="CF006"/>
	<ScmParam name="Cmd3" value="CF005"/>

  <!-- States used in scenario -->
    <ScmParam name="State1" value="ET049"/>
	<ScmParam name="State2" value="ET220"/>
	<ScmParam name="State3" value="ET219"/>
    <ScmParam name="State4" value="ET167"/>

    <ScmParam name="N" value="4"/>

</ScmRoot>
