<?xml version="1.0" encoding="iso-8859-1"?>
<!--!DOCTYPE ScenarioConf_Root SYSTEM "ScenarioManuel.dtd"-->
<?Doc_Info [$Revision:   1.0  $] [$Date:   Nov 07 2008 14:29:28  $]?>
<ScmRoot>
	<!--Text References given in specification-->
	<ScmParam name="Title" value="18569"/>
	<!-- PROGRAMMING THE INJECTIONIMMOBILISER CODE -->
	<ScmParam name="MessageNACK" value="570"/>
	<ScmParam name="Message1" value="30897"/>
	<ScmParam name="Message2" value="18650"/>
	<ScmParam name="Message3" value="18654"/>
	<ScmParam name="Message4" value="51516"/>
	<ScmParam name="Message5" value="18642"/>
	<ScmParam name="Message6" value="51572"/>
	<ScmParam name="Message7" value="51520"/>
	<ScmParam name="Message8" value="51573"/>
	<ScmParam name="Message9" value="565"/>
	<ScmParam name="Message10" value="51571"/>
	<ScmParam name="Message11" value="13373"/>
	<ScmParam name="CmdInProgress" value="13080"/>
	<ScmParam name="SendConfig2Flag" value="1"/>
	<ScmParam name="OperationType" value="3"/>
	<ScmParam name="State1ValueApc" value="26475"/>
	<ScmParam name="State2ValueAllocated" value="15926"/>
	<ScmParam name="State3ValueActive" value="16801"/>
	<ScmParam name="State1" value="ET014"/>
	<ScmParam name="State2" value="ET229"/>
	<ScmParam name="State3" value="ET228"/>
	<ScmParam name="Config1" value="CF037"/>
	<ScmParam name="Config2" value="CF038"/>
	<ScmParam name="TimeT1" value="5000"/>
	<ScmParam name="TimeT2" value="1000"/>
</ScmRoot>
