<?xml version="1.0" encoding="iso-8859-1"?>
<?Doc_Info [$Revision:   1.0  $] [$Date:   28 Oct 2014 15:38:16  $]?>
<ScmRoot>
	<ScmParam name="Title" value="29785"/>

	<ScmParam name="Message1" value="58479"/>
	<ScmParam name="Message2" value=""/> <!--Not Used-->
	<ScmParam name="Message3" value="52465"/> 
	<ScmParam name="Message4" value="52503"/>
	<ScmParam name="Message5" value=""/> <!--Not Used-->
	<ScmParam name="Message6" value="62691"/> <!-- carte APC ON -->
	<ScmParam name="Message26" value="62691"/> <!-- carte APC OFF -->
	<ScmParam name="Message7" value=""/> <!--Not Used-->
	<ScmParam name="Message8" value="62683"/>
	<ScmParam name="Message9" value="11826"/>
	<ScmParam name="Message10" value="18660"/>
	<ScmParam name="Message11" value="58479"/>
	<ScmParam name="Message12" value=""/> <!--Not Used-->
	<ScmParam name="Message13" value=""/> <!--Not Used-->
	<ScmParam name="Message14" value=""/> <!--Not Used-->
	<ScmParam name="Message15" value="54969"/> 
	<ScmParam name="Message16" value="62689"/> 
	<ScmParam name="Message17" value="52755"/>
	<ScmParam name="Message18" value=""/> <!--Not Used-->
	<ScmParam name="Message19" value="13373"/>
	<ScmParam name="Message20" value="60832"/>
	<ScmParam name="Message21" value=""/> <!--Not Used-->
	<ScmParam name="Message22" value=""/> <!--Not Used-->
	<ScmParam name="Message23" value=""/> <!--Not Used-->
	<ScmParam name="Message24" value=""/> <!--Not Used-->

	<ScmParam name="MessageBox1" value="2350"/>
	<ScmParam name="MessageBox20" value="4394"/>

	<ScmParam name="OUI" value="4531"/>
	<ScmParam name="NON" value="4532"/>
	<ScmParam name="MessageBoxTitle1" value="2500"/><!-- CLIP -->
	<ScmParam name="MessageBoxTitle2" value="237"/><!-- 303 Informations -->

	<ScmParam name="GiveUpButton" value="426"/>	

	<ScmParam name="ErrorMessage" value="570"/>
	
	<!--ScmParam name="BypassEmptyRequest" value="1"/--> <!--bypass Empty Request -->
	<!--ScmParam name="BypassAPV" value="1"/--> <!--bypass APV module -->	
	<!--ScmParam name="APVModule" value="X91"/--> <!-- select APV module X84 or X91(default)-->	
	
	<!--ScmParam name="MessageAfterAPV" value=""/-->

	<ScmParam name="BattMin" value="9"/>
	
	<ScmParam name="TempoT1" value="5000"/>
	<ScmParam name="TempoT2" value="10000"/>
	
	<ScmParam name="TypeOP" value="4"/>	
	
        <!--Command response code text-->
        <ScmParam name="CommandFinished" value="13082"/>
        <ScmParam name="CommandInProgress" value="13080"/>
        <ScmParam name="CommandImpossible" value="13081"/>  
        <ScmParam name="CommandImpossible2" value="28427"/>
        
        <ScmParam name="State1" value="ET022"/>      
        <ScmParam name="State2" value="ET032"/>      
        <ScmParam name="State3" value="ET014"/>      
        <ScmParam name="State4" value="ET031"/>      
        <ScmParam name="State5" value="ET001"/>      
        <ScmParam name="State6" value="ET034"/> 

	<ScmParam name="State1_YES" value="16869"/>
	<ScmParam name="State1_NO" value="16870"/>
	<ScmParam name="State2_IKEY" value="16870"/>
	<ScmParam name="State3_NO" value="16870"/>
	<ScmParam name="State3_YES" value="16869"/>
	<ScmParam name="State4_YES" value=""/>
	<ScmParam name="State5_NO" value="16870"/>
	<ScmParam name="State6_YES" value="16869"/>		
		
        <ScmParam name="Config1" value="CF004"/>      
        <ScmParam name="Config2" value="CF003"/>      
        <ScmParam name="Config3" value="CF012"/>      
        <ScmParam name="Config4" value="CF009"/>          

        <ScmParam name="Param1" value="PR008"/>      
        <ScmParam name="Param2" value="PR002"/>      
</ScmRoot>
        