<?xml version="1.0" encoding="ISO-8859-1"?>
<ScmRoot>
	<ScmParam name="TextTitre" value="23579"/>
	<ScmParam name="StatusEnCours" value="13080"/>
	<ScmParam name="StatusImpossible" value="13081"/>
	<ScmParam name="StatusTerminee" value="13082"/>
	<ScmParam name="StatusInfoIndisponible" value="13083"/>
	<ScmParam name="MessageBoxCLIP" value="2500"/>
	<ScmParam name="MessageBoxAVERTISSEMENT" value="450"/>
	<ScmParam name="MessageBoxERREUR" value="20879"/>
		
	<ScmParam name="TexteInfo_E1" value="15943"/>
	<ScmParam name="TexteInfo_E21" value="562"/>
	<ScmParam name="EtatUCHVierge_E1" value="ET008"/>
	<ScmParam name="TestBadge_E1" value="CF003"/>
	<ScmParam name="EtatBadgeOK_E1" value="ET013"/>
	<ScmParam name="EtatAlim_E1" value="ET014"/>
	<ScmParam name="MessageBox_E1" value="573"/>
	
	<ScmParam name="TexteInfo_E2" value="14187"/>
	<ScmParam name="EntreeModeAPV_E2" value="CF004"/>
	<ScmParam name="MessageBox_E2" value="571"/>
	
	<ScmParam name="TexteInfo_E3" value="15948"/>
	<ScmParam name="TestBadge_E3" value="CF003"/>
	<ScmParam name="EtatBadgeOK_E3" value="ET013"/>
	<ScmParam name="EtatBadgeConnu_E3" value="ET012"/>
	<ScmParam name="EtatBadgeConforme_E3" value="ET009"/>
	<ScmParam name="LectConfBadgeConforme_E3" value="LC001"/>
	<ScmParam name="EtatProbleme_E3" value="ET003"/>
	<ScmParam name="MessageBox_E3" value="564"/>
	<ScmParam name="MessageBox2_E3" value="826"/>
	<ScmParam name="Bouton1" value="324"/>
	<ScmParam name="Bouton2" value="453"/>
	
	<ScmParam name="TexteStatus_E4" value="565"/>
	<ScmParam name="Tempo_E4" value="10"/>
	<ScmParam name="RoutineAppr_E4" value="CF002"/>
	<ScmParam name="EcriturVINBadge_E4" value=""/>
	<ScmParam name="ParamNBAppr_E4" value="PR013"/>
	
	<ScmParam name="TexteInfo_E5" value="15943"/>
	<ScmParam name="Texteparam_E5" value="566"/>
	<ScmParam name="MessageBox_E5" value="14209"/>
	<ScmParam name="Bouton1_E5" value="4531"/>
	<ScmParam name="Bouton2_E5" value="4532"/>
	<ScmParam name="SortieAbandon_E5" value="CF006"/>
	
	<ScmParam name="TexteStatus_E6" value="14210"/>
	<ScmParam name="SortieEnregistrement_E6" value="CF005"/>
	<ScmParam name="Tempo_E6" value="5"/>
	
	<ScmParam name="TexteMessage1" value="16981"/>
	<ScmParam name="TexteMessage2" value="14207"/>
	<ScmParam name="TexteMessage3" value="15946"/>
	<ScmParam name="TexteMessage4" value="15946"/>
	<ScmParam name="TexteMessage5" value="15949"/>
	<ScmParam name="TexteMessage6" value="563"/>
	<ScmParam name="TexteMessage7" value="567"/>
	<ScmParam name="TexteMessage8" value="4062"/>
	<ScmParam name="TexteMessage9" value="827"/>
	<ScmParam name="TexteMessage10" value="828"/>

</ScmRoot>
