<?xml version="1.0" encoding="iso-8859-1"?>
<?Doc_Info [$Revision:   1.0  $] [$Date:   28 Oct 2014 15:38:16  $]?>
<ScmRoot>
	<!--ScmParam name="Title" value="14186"/-->	
	<ScmParam name="Title" value="16490"/>	

	<ScmParam name="Message1" value="$Message1"/>
	<ScmParam name="Message2" value="62944"/> 
	<ScmParam name="Message3" value="62856"/> 
	<ScmParam name="Message4" value="62857"/>
	<ScmParam name="Message5" value="51925"/> 
	<ScmParam name="Message6" value="62858"/> 
	<ScmParam name="Message7" value="62859"/>
	<ScmParam name="Message8" value="62945"/>
	<ScmParam name="Message9" value="62946"/>
	<ScmParam name="Message10" value="62857"/>
	<ScmParam name="Message11" value="62947"/>
	<ScmParam name="Message12" value="62948"/> 
	<ScmParam name="Message13" value="62949"/> 
	<!--ScmParam name="Message14" value="62950"/--> 
	<ScmParam name="Message14" value="52849"/>
	<ScmParam name="Message15" value="62951"/> 
	<ScmParam name="Message16" value="2350"/> 
	<ScmParam name="Message17" value="62953"/>
	<ScmParam name="Message18" value="22561"/> 
	<ScmParam name="Message19" value="62954"/>
	<ScmParam name="Message20" value="62955"/>
	<ScmParam name="Message21" value="62864"/> 
	<ScmParam name="Message22" value="62863"/> 
	<ScmParam name="Message23" value="60829"/> 
	<ScmParam name="Message24" value="$Message24"/> 

	<ScmParam name="MessageBox16" value="2350"/>
	<ScmParam name="MessageBox14" value="62950"/>


	<ScmParam name="OUI" value="4531"/>
	<ScmParam name="NON" value="4532"/>
	<ScmParam name="MessageBoxTitle1" value="2500"/><!-- CLIP -->
	<ScmParam name="MessageBoxTitle2" value="237"/><!-- 303 Informations -->

	<ScmParam name="GiveUpButton" value="426"/>	

	<ScmParam name="ErrorMessage" value="570"/>
	
	<ScmParam name="BypassEmptyRequest" value="1"/> <!--bypass Empty Request -->
	<!--ScmParam name="BypassAPV" value="1"/--> <!--bypass APV module -->	
	<!--ScmParam name="APVModule" value="X91"/--> <!-- select APV module X84, X91_NOT_SUPPORTED or  X91(default)-->	
	<ScmParam name="APVModule" value="X91_NOT_SUPPORTED"/>
	
	<!--ScmParam name = "ForceTestMux" value = "1"/--> <!-- For Expert Mode Only, force test mux to detect all ECUs -->
	
	<!--ScmParam name="MessageAfterAPV" value=""/-->

	<ScmParam name="KeyOrCard" value="0"/>	<!-- 0 BCM cl� /  1 HFM carte -->
	
	<ScmParam name="APCMax" value="2"/>
	<ScmParam name="CIDMax" value="2"/>
	
	<ScmParam name="TempoT1" value="4500"/>
	
	<ScmParam name = "TimerProgressBar" value = "100"/>
	<ScmParam name = "ProgressBar" value = "C3P_47163"/>
	<!--ScmParam name = "ProgressBarPosition" value = "500,0"/-->	
	
	<ScmParam name="TypeOP" value="1"/>	
	
    <!--Command response code text-->
    <ScmParam name="CommandFinished" value="13082"/>
    <ScmParam name="CommandInProgress" value="13080"/>
    <ScmParam name="CommandImpossible" value="13081"/>  
    <ScmParam name="CommandImpossible2" value="28427"/>

	<ScmParam name="Ident1" value="ID019"/>
	<ScmParam name="Ident2" value="ID027"/>
	<ScmParam name="Ident3" value="ID028"/>
	
    <ScmParam name="State1" value="ET014,4"/>      
    <ScmParam name="State5" value="ET008"/>         
    <ScmParam name="State7" value="ET182"/>      
    <ScmParam name="State8" value=""/>
    <ScmParam name="State9" value="ET272"/>  	
    <ScmParam name="State12" value=""/>  	
    <ScmParam name="State13" value=""/>  	


	<ScmParam name="State1_YES" value="26475"/>
	<ScmParam name="State1_NO" value="16870"/>
	<ScmParam name="State5_YES" value="16869"/>
	<ScmParam name="State5_NO" value="16870"/>
	<ScmParam name="State6_YES" value="16869"/>
	<ScmParam name="State6_NO" value="16870"/>	
	<ScmParam name="State7_YES" value="16869"/>		
	<ScmParam name="State7_NO" value="16870"/>
	<ScmParam name="State8_YES" value="16869"/>		
	<ScmParam name="State8_NO" value="16870"/>
	<ScmParam name="State9_YES" value="16869"/>		
	<ScmParam name="State9_NO" value="16870"/>
	
	
		
    <ScmParam name="Config1" value="CF037,4"/>      
    <ScmParam name="Config2" value="CF056,4"/>      
    <ScmParam name="Config3" value="CF038"/>      
    <ScmParam name="Config5" value="CF044"/>          
    <ScmParam name="Config6" value="CF042"/>          
    <ScmParam name="Config7" value="CF039"/>          
    <ScmParam name="Config9" value="CF043"/>   
    <ScmParam name="Config10" value=""/>   
		
		
    <!--ScmParam name="Param1" value="PR061"/-->      <!-- n'existe pas -->
    <ScmParam name="Param1" value="PR061"/>      
    <ScmParam name="Param2" value="PR053"/>      
    <ScmParam name="Param5" value="PR056"/>      
    <ScmParam name="Param6" value="PR055"/>      
	
</ScmRoot>
        