<?xml version="1.0" encoding="iso-8859-1"?>
<?Doc_Info [$Revision:   1.0  $] [$Date:   28 Oct 2014 15:38:16  $]?>
<ScmRoot>
	<ScmParam name="Title" value="18569"/>	


	<ScmParam name="Message1" value="$Message1"/>
	<ScmParam name="Message2" value="62956"/> 
	<ScmParam name="Message3" value="62856"/> 
	<ScmParam name="Message4" value="62857"/>
	<ScmParam name="Message5" value="51925"/> 
	<ScmParam name="Message6" value="62957"/> 
	<ScmParam name="Message7" value="62958"/>
	<ScmParam name="Message8" value="62959"/>
	<ScmParam name="Message9" value="62863"/>
	<ScmParam name="Message10" value="62960"/>
	<ScmParam name="Message11" value="$Message11"/>
	<ScmParam name="Message12" value="$Message12"/> 
	<ScmParam name="Message13" value="$Message13"/> 
	<ScmParam name="Message14" value="Message14"/> 
	<ScmParam name="Message15" value="$Message15"/> 
	<ScmParam name="Message16" value="$Message16"/> 
	<ScmParam name="Message17" value="$Message17"/>
	<ScmParam name="Message18" value="$Message18"/> 
	<ScmParam name="Message19" value="$Message19"/>
	<ScmParam name="Message20" value="$Message20"/>
	<ScmParam name="Message21" value="$Message251"/> 
	<ScmParam name="Message22" value="$Message22"/> 
	<ScmParam name="Message23" value="$Message23"/> 
	<ScmParam name="Message24" value="$Message24"/> 

	<ScmParam name="MessageBox1" value="$MessageBox1"/>


	<ScmParam name="OUI" value="4531"/>
	<ScmParam name="NON" value="4532"/>
	<ScmParam name="MessageBoxTitle1" value="2500"/><!-- CLIP -->
	<ScmParam name="MessageBoxTitle2" value="237"/><!-- 303 Informations -->

	<ScmParam name="GiveUpButton" value="426"/>	

	<ScmParam name="ErrorMessage" value="570"/>
	
	<ScmParam name="BypassEmptyRequest" value="1"/> <!--bypass Empty Request -->
	<!--ScmParam name="BypassAPV" value="1"/--> <!--bypass APV module -->	
	<!--ScmParam name="APVModule" value="X91"/--> <!-- select APV module X84, X91_NOT_SUPPORTED or  X91(default)-->	
	<ScmParam name="APVModule" value="X91_NOT_SUPPORTED"/>

	<!--ScmParam name = "ForceTestMux" value = "1"/--> <!-- For Expert Mode Only, force test mux to detect all ECUs -->
	
	<!--ScmParam name="MessageAfterAPV" value=""/-->

	<ScmParam name="APCMax" value="2"/>
	<ScmParam name="CIDMax" value="2"/>
	
	<ScmParam name="TempoT1" value="5000"/>
	
	<ScmParam name = "TimerProgressBar" value = "100"/>
	<ScmParam name = "ProgressBar" value = "C3P_47163"/>
	<!--ScmParam name = "ProgressBarPosition" value = "500,0"/-->	
	
	<ScmParam name="TypeOP" value="3"/>	
	
    <!--Command response code text-->
    <ScmParam name="CommandFinished" value="13082"/>
    <ScmParam name="CommandInProgress" value="13080"/>
    <ScmParam name="CommandImpossible" value="13081"/>  
    <ScmParam name="CommandImpossible2" value="28427"/>
        
    <ScmParam name="State1" value="ET014,4"/>      
    <ScmParam name="State10" value="ET031"/>      
    <ScmParam name="State11" value="ET034"/>      
    <ScmParam name="State14" value="ET034"/> 




	<ScmParam name="State1_YES" value="26475"/>
	<ScmParam name="State1_NO" value="16870"/>
	<ScmParam name="State10_YES" value="16869"/>
	<ScmParam name="State10_NO" value="16870"/>
	<ScmParam name="State11_YES" value="16870"/>
	<ScmParam name="State11_NO" value="16869"/>	
	<ScmParam name="State14_YES" value="16869"/>		
	<ScmParam name="State14_NO" value="16870"/>
	
		
    <ScmParam name="Config1" value="CF037,4"/>      
    <ScmParam name="Config2" value="CF056,4"/>      
    <ScmParam name="Config8" value="CF001"/>           
    <ScmParam name="Config9" value="CF043"/>   
		
		
    <ScmParam name="Param3" value="PR018"/>      
</ScmRoot>
        