<?xml version="1.0" encoding="iso-8859-1"?>
<!--!DOCTYPE ScenarioConf_Root SYSTEM "ScenarioManuel.dtd"-->
<?Doc_Info [$Revision:   1.0  $] [$Date:   Aug 11 2009 16:57:18  $]?>
<ScmRoot>
	<!--Text References given in specification-->
	<ScmParam name="Title" value="16439"/>
	<!-- PROGRAMMING THE INJECTIONIMMOBILISER CODE -->
	<ScmParam name="MessageNACK" value="570"/>
	<ScmParam name="GiveUpButton" value="927"/>
	<!-- Messages used in the scenario -->
	<ScmParam name="Message1" value="53232"/>
	<ScmParam name="Message2" value="18642"/>
	<ScmParam name="Message3" value="18641"/>
	<ScmParam name="Message4" value="51517"/>
	<ScmParam name="Message5" value="14207"/>
	<ScmParam name="Message6" value="51520"/>
	<ScmParam name="Message7" value="53233"/>
	<ScmParam name="Message8" value="18657"/>
	<ScmParam name="Message9" value="4394"/>
	<ScmParam name="Message10" value="11826"/>
	<ScmParam name="Message11" value="18658"/>
	<ScmParam name="Message12" value="18659"/>
	<ScmParam name="Message13" value="18655"/>
	<ScmParam name="CmdInProgress" value="13080"/>
	<ScmParam name="MessageYES" value="4531"/>
	<ScmParam name="MessageNO" value="4532"/>
	<ScmParam name="MessageOK" value="19009"/>
	<ScmParam name="OperationType" value="2"/>
	<!-- Message Box -->
	<ScmParam name="MessageBoxCLIP" value="2500"/>
	<ScmParam name="MessageBoxInformations" value="237"/>
	<ScmParam name="State1ValueYes" value="16869"/>
	<ScmParam name="State1ValueNo" value="16870"/>
	<ScmParam name="State2ValueYes" value="16869"/>
	<ScmParam name="State2ValueNo" value="16870"/>
	<ScmParam name="State3ValueInactif" value="16800"/>
	<ScmParam name="State3ValueActif" value="16801"/>
	<ScmParam name="State4ValueYes" value="16869"/>
	<ScmParam name="State4ValueNo" value="16870"/>
	<ScmParam name="State1" value="ET004"/>
	<ScmParam name="State2" value="ET008"/>
	<ScmParam name="State3" value="ET211"/>
	<ScmParam name="State4" value="ET182"/>
	<ScmParam name="Config1" value="CF056"/>
	<ScmParam name="Config2" value="CF037"/>
	<ScmParam name="Config3" value="CF058"/>
	<ScmParam name="Config4" value="CF055"/>
	<ScmParam name="Param1" value="PR001"/>
	<ScmParam name="U0" value="10"/>
	<ScmParam name="TimeT1" value="2000"/>
	<ScmParam name="TimeT2" value="10000"/>
	<ScmParam name="TimeT3" value="2000"/>
</ScmRoot>
