<?xml version="1.0" encoding="iso-8859-1"?>
<!--!DOCTYPE ScenarioConf_Root SYSTEM "ScenarioManuel.dtd"-->
<?Doc_Info [$Revision:   1.0  $] [$Date:   Jul 07 2008 14:46:12  $]?>
<ScmRoot>
	<!-- Text References given in specification. -->
	<ScmParam name="Title" value="57698"/>
	<ScmParam name="MessageNACK" value="570"/>
	<ScmParam name="Message1" value="58502"/>
	<ScmParam name="Message2" value="18650"/>
	<ScmParam name="Message3" value="18654"/>
	<ScmParam name="Message4" value="54968"/>
	<ScmParam name="Message5" value="18642"/>
	<ScmParam name="Message6" value="51572"/>
	<ScmParam name="Message7" value="51520"/>
	<ScmParam name="Message8" value="54969"/>
	<ScmParam name="Message9" value="54970"/>
	<ScmParam name="Message10" value="58503"/>
	<ScmParam name="Message11" value="13373"/>
	<ScmParam name="CmdInProgress" value="13080"/>
	<!-- Flags for sending the Commands Cmd2, Cmd3, Cmd4. -->
	<!-- "1" : send -->
	<!-- "0" : don't send -->
	<ScmParam name="SendCmd2Flag" value="1"/>
	<ScmParam name="SendCmd3Flag" value="1"/>
	<ScmParam name="SendCmd4Flag" value="0"/>
	<!-- Type operation for the Apv. -->
	<ScmParam name="OperationType" value="3"/>
	<!-- State values to be received. -->
	<ScmParam name="State1ValueApc" value="26475"/>
	<ScmParam name="State2ValueAllocated" value="15926"/>
	<ScmParam name="State2ValueBlank" value="15923"/>
	<!-- States AGCD refs. -->
	<ScmParam name="State1" value="ET049"/>
	<ScmParam name="State2" value="ET229"/>
	<!-- Commands AGCD Refs. -->
	<ScmParam name="Cmd1" value="CF039"/>
	<ScmParam name="Cmd2" value="CF038"/>
	<ScmParam name="Cmd3" value="CF006"/>
	<ScmParam name="Cmd4" value="CF005"/>
	<!-- Timer values in miliseconds. -->
	<ScmParam name="TimeT1" value="10000"/>
	<ScmParam name="TimeT2" value= "5000"/>
</ScmRoot>
