<?xml version="1.0" encoding="iso-8859-1"?>
<?Doc_Info [$Revision:   1.0  $] [$Date:   02 Feb 2011 17:30:22  $]?>
<ScmRoot>
	<ScmParam name="Title" value="16439"/>

	<ScmParam name="Message2" value="61114"/>
	<ScmParam name="Message3" value="61115"/>
	<ScmParam name="Message4" value="18642"/>
	<ScmParam name="Message5" value="57742"/>
	<ScmParam name="Message6" value="54929"/>
	<ScmParam name="Message8" value="54930"/>
	<ScmParam name="Message9" value="54932"/>	
	<ScmParam name="MessageBox10" value="4394"/>
	<ScmParam name="Message11" value="61116"/>
	<ScmParam name="Message12" value="54933"/>
	<ScmParam name="Message13" value="61117"/>
	<ScmParam name="Message14" value="22561"/>
	<ScmParam name="Message18" value="57743"/>
	<ScmParam name="Message19" value="61118"/>

	<ScmParam name="ErrorMessage" value="51521"/>

	<ScmParam name="GiveUpButton" value="426"/>

	<ScmParam name="YES" value="16869"/>
	<ScmParam name="NO" value="16870"/>
	
	<ScmParam name="TempoT1" value="10000"/>
	<ScmParam name="TempoT2" value="3000"/>
	
	<ScmParam name="TypeOP" value="2"/>	
	
        <!--Command response code text-->
        <ScmParam name="CommandFinished" value="13082"/>
        <ScmParam name="CommandInProgress" value="13080"/>
        <ScmParam name="CommandImpossible" value="13081"/>  
        <ScmParam name="CommandImpossible2" value="28427"/>
        <ScmParam name="LostAPCinLearning" value="57743"/> 
        
        <ScmParam name="State1_BLANK" value="16869"/>
        <ScmParam name="State1_NO_BLANK" value="16870"/>
        <ScmParam name="State2_KEY" value="24961"/>
        <ScmParam name="State3_NO_APC" value="16870"/>
        <ScmParam name="State4_NO_BLANK" value="16870"/>
        <ScmParam name="State5_NO_PB" value="16870"/>
        <ScmParam name="State6_AFTERSALESMODE" value="16869"/>
        <ScmParam name="State7_NO_PB" value="16870"/>
        <ScmParam name="State8_NO_PB" value="16869"/>
        
        <ScmParam name="State1" value="ET208"/>      
        <ScmParam name="State2" value="ET338"/>      
        <ScmParam name="State3" value="ET078"/>      
        <ScmParam name="State4" value="ET211"/>      
        <ScmParam name="State5" value="ET339"/>      
        <ScmParam name="State6" value="ET340"/>      
        <ScmParam name="State7" value="ET343"/>      
        <ScmParam name="State8" value="ET342"/>      
       
        <ScmParam name="Config1" value="CF250"/>      
        <ScmParam name="Config2" value="CF175"/>      
        <ScmParam name="Config3" value="CF251"/>      
        <ScmParam name="Config5" value="CF252"/>      
        <ScmParam name="Config6" value="CF176"/>      
        <ScmParam name="Config7" value="CF177"/>      
       
</ScmRoot>
        