<?xml version="1.0" encoding="iso-8859-1"?>
<!--!DOCTYPE ScenarioConf_Root SYSTEM "ScenarioManuel.dtd"-->
<ScmRoot>
  <!--Text References given in specification-->
  <ScmParam name="TextScenTitle" value="16439" />
  <ScmParam name="TextMsg14" value="16974" />
  <ScmParam name="TextMsg13" value="14188" />
  <ScmParam name="TextStatus1" value="13080" />
  <ScmParam name="TextStatus2" value="565" />
  <ScmParam name="TextName1" value="8391" />
  <ScmParam name="TextComboVal1" value="15929" />
  <ScmParam name="TextComboVal2" value="15930" />
  <ScmParam name="TextMsg1" value="16971" />
  <ScmParam name="TextMsg2" value="28275" />
  <ScmParam name="TextMsg3" value="28284" />
  <ScmParam name="TextMsg4" value="18797" />
  <ScmParam name="TextMsg5" value="16977" />
  <ScmParam name="TextMsg6" value="14197" />
  <ScmParam name="TextMsg7" value="14198" />
  <ScmParam name="TextMsg8" value="14194" />
  <ScmParam name="TextMsg9" value="16436" />
  <ScmParam name="TextMsg10" value="14191" />
  <ScmParam name="TextMsg11" value="18796" />
  <ScmParam name="TextMsg12" value="18828" />
  <ScmParam name="TextMsg15" value="18641" />
  <ScmParam name="TextNACK" value="570" />
  
  <!-- Timer value in Screen4, ms  -->
  <ScmParam name="Timer1" value="5000" />
  <ScmParam name="Timer2" value="5000" />
  
  <!-- Umin, Volts. Battery voltage threshold -->
  <ScmParam name="Umin" value="10.5" />
  
  <!-- States -->
  <ScmParam name="State1" value="ET008" />
  <ScmParam name="State2" value="ET207" />
  <ScmParam name="State3" value="ET271" />
  <ScmParam name="State4" value="ET273" />
  <ScmParam name="State5" value="ET002" />
  <ScmParam name="State6" value="ET206" />
  <ScmParam name="State7" value="ET274" />
  <ScmParam name="State8" value="ET164" />
  <ScmParam name="State9" value="ET228" />
  
  <!-- Parameters -->
  <ScmParam name="Param1" value="PR001" />
  
  <!-- Commands -->
  <ScmParam name="Cmd1" value="CF041"/>
  <ScmParam name="Cmd2" value="AC003"/>
  <ScmParam name="Cmd3" value="CF103"/>
  <ScmParam name="Cmd4" value="CF043"/>
  <ScmParam name="Cmd5" value="AC066"/>
  <ScmParam name="Cmd6" value="AC081"/>
  <ScmParam name="Cmd7" value="AC039"/>

	<!-- State values codetexts -->
  <ScmParam name="StateText_Active" value="16801" />
  <ScmParam name="StateText_Inactive" value="16800" />
  <ScmParam name="StateText_Inactive_1" value="18095" />
  <ScmParam name="StateText_Yes" value="16869" />
  <ScmParam name="StateText_No" value="16870" />
  
  </ScmRoot>