<?xml version="1.0" encoding="ISO-8859-1"?>
<ScmRoot>
	<ScmParam name="TextTitre_E1" value="14180"/>
	<ScmParam name="STextTitre_E1" value="15790"/>
	<ScmParam name="TitreEte_E1" value="14282"/>
	<ScmParam name="TitreHiver_E1" value="14281"/>
	<ScmParam name="LabelAVG_E1" value="17572"/>
	<ScmParam name="LabelAVD_E1" value="17573"/>
	<ScmParam name="LabelARD_E1" value="17574"/>
	<ScmParam name="LabelARG_E1" value="17575"/>
	<ScmParam name="TexteInfo_E1" value="15797"/>
	<ScmParam name="EtatJeuRoue" value="ET001"/>
	<ScmParam name="ident_AVG_ETE" value="ID005"/>
	<ScmParam name="ident_AVD_ETE" value="ID006"/>
	<ScmParam name="ident_ARD_ETE" value="ID008"/>
	<ScmParam name="ident_ARG_ETE" value="ID007"/>
	<ScmParam name="ident_AVG_HIVER" value="ID009"/>
	<ScmParam name="ident_AVD_HIVER" value="ID010"/>
	<ScmParam name="ident_ARD_HIVER" value="ID012"/>
	<ScmParam name="ident_ARG_HIVER" value="ID011"/>
	
	<ScmParam name="TextTitre_E2" value="14180"/>
	<ScmParam name="STextTitre_E2" value="15794"/>
	<ScmParam name="LabelSelect_E2" value="15793"/>
	<ScmParam name="TitreEte_E2" value="14282"/>
	<ScmParam name="TitreHiver_E2" value="14281"/>
	<ScmParam name="SelectJeuValves" value="CF001"/>
	
	<ScmParam name="TextTitre_E3" value="14180"/>
	<ScmParam name="STextTitre_E3" value="15799"/>
	<ScmParam name="LabelAVG_E3" value="17572"/>
	<ScmParam name="LabelAVD_E3" value="17573"/>
	<ScmParam name="LabelARD_E3" value="17574"/>
	<ScmParam name="LabelARG_E3" value="17575"/>
	<ScmParam name="TexteInfo_E3" value="15900"/>
	
	<ScmParam name="TextTitre_E31" value="14180"/>
	<ScmParam name="STextTitre_E31" value="15796"/>
	<ScmParam name="LabelAVG_E31" value="17572"/>
	<ScmParam name="LabelAVD_E31" value="17573"/>
	<ScmParam name="LabelARD_E31" value="17574"/>
	<ScmParam name="LabelARG_E31" value="17575"/>
	<ScmParam name="TexteInfo_E31" value="15901"/>
	<ScmParam name="StatusAVG_C_E31" value="17562"/>
	<ScmParam name="StatusAVG_T_E31" value="17567"/>
	<ScmParam name="StatusAVD_C_E31" value="17563"/>
	<ScmParam name="StatusAVD_T_E31" value="17568"/>
	<ScmParam name="StatusARD_C_E31" value="17564"/>
	<ScmParam name="StatusARD_T_E31" value="17570"/>
	<ScmParam name="StatusARG_C_E31" value="17565"/>
	<ScmParam name="StatusARG_T_E31" value="17569"/>
	<ScmParam name="ModeAppValves" value="AC001"/>
	<ScmParam name="EtatStatus" value="ET002"/>
	<ScmParam name="ident_EnCours" value="ID013"/>
	<ScmParam name="Val_Tempo_T1" value="120000"/>
	
	<ScmParam name="MessageBox_E4" value="15905"/>
	
	<ScmParam name="TextTitre_E5" value="14180"/>
	<ScmParam name="STextTitre_E5" value="15904"/>
	<ScmParam name="LabelAVG_E5" value="17572"/>
	<ScmParam name="LabelAVD_E5" value="17573"/>
	<ScmParam name="LabelARD_E5" value="17574"/>
	<ScmParam name="LabelARG_E5" value="17575"/>
	<ScmParam name="TexteInfo_E5" value="15902"/>
	<ScmParam name="CommandeEcriture" value="VP003"/>
	<ScmParam name="Val_Tempo_T2" value="5000"/>	
	<ScmParam name="Encout_text_E5" value="13080"/>
	<ScmParam name="confFin_text_E5" value="13082"/>
	<ScmParam name="confImpossible_text_E5" value="13081"/>
	
	<ScmParam name="TextTitre_E6" value="14180"/>
	<ScmParam name="STextTitre_E6" value="15903"/>
	<ScmParam name="TexteInfo_E6" value="15906"/>	
	<ScmParam name="Terminer_Bouton" value="453"/>

	<ScmParam name="MessageBoxCLIP" value="2500"/>
	<ScmParam name="MessageBoxAVERTISSEMENT" value="450"/>
	<ScmParam name="MessageBoxERREUR" value="20879"/>

</ScmRoot>
