<?xml version="1.0" encoding="ISO-8859-1"?>
<?Doc_Info [$Revision:   1.1  $][$Date:   24 Feb 2015 10:33:44  $]?>
<ScmRoot>

	<ScmParam name = "Title" value = "C3P_46728"/>

	<ScmParam name = "ErrorMsg" value = "570"/>	<!-- Error MSG on NACK -->

	<!--CustomButtons  Retry,End,Abort-->
	<ScmParam name="CustomButtons" value="427,1991,426"/>
	
    <!--Command response code text-->
    <ScmParam name = "CommandFinished" value = "13082"/>
    <ScmParam name = "CommandInProgress" value = "13080"/>
    <ScmParam name = "CommandImpossible" value = "13081"/>

	<ScmParam name = "Timer1" value = "1000"/>
	<ScmParam name = "Timer2" value = "1000"/>
	<ScmParam name = "TimerProgressBar" value = "100"/>
	<!--ScmParam name = "ProgressBarPosition" value = "500,0"/-->

	<!--ScmParam name="Debug" value="1"/-->	
	
	<ScmParam name="TypeOP" value="2"/>	
	
	<ScmParam name = "FontSize" value = "10"/>
	
	<ScmParam name = "Status_01" value = "STATUS1"/>
	<ScmParam name = "Status_02" value = "STATUS2"/>
	<ScmParam name = "Status_04" value = "STATUS4"/>
	<ScmParam name = "NACK21" value = "busyRepeatRequest"/>
	<ScmParam name = "NACK23" value = "RoutineNotComplete"/>
		
	<ScmParam name = "ProgressBar" value = "C3P_47163"/>
	<!--ScmParam name = "ProgressBarPosition" value = "500,0"/-->

	<ScmParam name="Debug" value="0"/>	
	
	<ScmParam name = "ScreenStart" value = "8"/>
	<ScmParam name = "ScreenAPV" value = "80"/>
	<ScmParam name = "APV" value = "ID_NOT_SUPPORTED"/>	<!-- ID_SUPPORTED / ID_NOT_SUPPORTED or none to bypass APV module -->
	<ScmParam name = "ScreenRetAPV" value = "81"/>
	<ScmParam name = "APC" value = "5,C3P_90,C3P_216,NISSAN"/> <!-- APC Volt min, text code OFF, text code ON, RENAULT/NISSAN -->

	<ScmParam name = "HideTitle" value = "1"/>
	<ScmParam name = "ExitOnCancel" value = "1"/>
	
	<!--Screens definition U60 SRBLIBNotSupported_KeyLess-->
	<ScmSet name = "Screens">
		<ScmSet name = "8">
			<ScmParam name = "Subtitle" value = "303"/>
			<ScmParam name = "Msg" value = "C3P_47133"/>		
			<!--ScmParam name = "Buttons" value = "Next,Previous,Validate,Finish,Retry,End,Abort,Function Bar"-->
			<ScmList name="Steps">
				<ScmItem value="$1,C3P_46747"/>
			</ScmList>			
			<!--ScmParam name = "Buttons" value = "80,,,,,,0,1"/-->								
			<ScmParam name = "Buttons" value = "80,,,0,,,,1"/>								
		</ScmSet>		
		<ScmSet name = "80"> <!-- Call APV Module -->
	    </ScmSet>		
		<ScmSet name = "81">
			<!--commandes  request,domaine,param (#APV,...), screen status 1,screen status 2,screen status 4,screen status others,progresz bar/-->
			<ScmParam name = "Msg" value = "-1"/>
			<ScmParam name = "Cmd" value = "S003,1,#APVCode,82,11,9,9,0"/>
	    </ScmSet>
		<ScmSet name = "82">
			<!--commandes  request,domaine,param (#APV,...), screen status 1,screen status 2,screen status 4,screen status others,progresz bar/-->
			<ScmParam name = "Msg" value = "-1"/>
			<ScmParam name = "Cmd" value = "S003_STATUS,1,#APVCode,#Repeat,11,9,9,1"/>
	    </ScmSet>
		<ScmSet name = "9">
			<ScmParam name = "Subtitle" value = "C3P_46749"/>
			<ScmParam name = "Msg" value = "C3P_47091,img2"/>	
			<!--ScmParam name = "Buttons" value = "Next,Previous,Validate,Finish,Retry,End,Abort,Function Bar"-->
			<!--ScmParam name = "Buttons" value = ",,,,8,0,,1"/-->
			<ScmParam name = "Buttons" value = ",,,0,8,,,1"/>
		</ScmSet>
		<ScmSet name = "11">
			<ScmParam name = "Subtitle" value = "C3P_47250"/>
			<ScmParam name = "Msg" value = "C3P_46916,img8"/>
			<ScmList name="Steps">
				<ScmItem value="$1,C3P_46936,img31"/>
				<ScmItem value="$2,C3P_46954,img30"/>
				<ScmItem value="$3,C3P_46970,img32"/>
				<ScmItem value="$4,C3P_46895,img31"/>
				<ScmItem value="$5,C3P_47008"/>
			</ScmList>
			<ScmParam name = "Buttons" value = "12,,,,,,,1"/>
		</ScmSet>			
		<ScmSet name = "12">
			<ScmParam name = "Subtitle" value = "C3P_47251"/>
			<ScmParam name = "Msg" value = "C3P_46877,img7"/>
			<ScmList name="Steps">
				<ScmItem value="$1,C3P_46883,img30"/>
				<ScmItem value="$2,C3P_46889,"/>
				<ScmItem value="$3,C3P_46895,img31"/>
				<ScmItem value="$4,C3P_46901,img32"/>
			</ScmList>
			<ScmParam name = "Buttons" value = ",,,,,13,,1"/>
		</ScmSet>
		<ScmSet name = "13">
			<ScmParam name = "Subtitle" value = "C3P_47253"/>
			<ScmParam name = "Msg" value = "C3P_46735,img4"/>
			<ScmList name="Steps">
				<ScmItem value="$1,C3P_46811,img22"/>
			</ScmList>
			<!--ScmParam name = "Buttons" value = "Next,Previous,Validate,Finish,Retry,End,Abort,Function Bar"-->
			<!--ScmParam name = "Buttons" value = ",,,,,0,,1"/-->
			<ScmParam name = "Buttons" value = ",,,0,,,,1"/>
		</ScmSet>		
		</ScmSet>					
</ScmRoot>
