<?xml version="1.0" encoding="ISO-8859-1"?>
<ScmRoot>
  <!-- Text of the title of the scenario -->
	<ScmParam name="TextTitle" value="16439"/>

	<!-- Messages used in the scenario -->
	<ScmParam name="Message_1"   value="16969"/>
	<ScmParam name="Message_2"   value="4951"/>
	<ScmParam name="Message_3"   value="16972"/>
	<ScmParam name="Message_4"   value="18467"/>
	<ScmParam name="Message_5"   value="16975"/>
	<ScmParam name="Message_6"   value="11826"/>
	<ScmParam name="Message_7"   value="16976"/>
	<ScmParam name="Message_8"   value="16978"/>
	<ScmParam name="Message_9"   value="16980"/>
	<ScmParam name="Message_10"  value="16982"/>
	<ScmParam name="Message_11"  value="16979"/>
	<ScmParam name="Message_13"  value="18649"/>

	<ScmParam name="Message_Nack" value="570"/>

  <!-- Texts for message box -->	
	<ScmParam name="TextOK"   value="19009"/><!-- OK -->
	<ScmParam name="TextClip" value="2500" /><!-- CLIP -->
	<ScmParam name="TextInfo" value="303"  /><!-- Informations -->

	<ScmParam name="TextCmdInProgress" value="13080"/><!-- COMMAND IN PROGRESS -->
	
	<!-- Values of temporisations -->
	<ScmParam name="Tempo1" value="500" />
	<ScmParam name="Tempo2" value="10000"/>

  <!-- Commands used in scenario -->
	<ScmParam name="Cmd1" value="CF041"/>
	<ScmParam name="Cmd2" value="CF040"/>
	<ScmParam name="Cmd3" value="AC050"/>

  <!-- States used in scenario -->
  <ScmParam name="State1" value="ET219"/>
	<ScmParam name="State2" value="ET220"/>
	<ScmParam name="State3" value="ET008"/>
  <ScmParam name="State4" value="ET273"/>
  <ScmParam name="State5" value="ET046"/>
  <ScmParam name="State6" value="ET182"/>

  <!--ScmParam name="Send_Cmd2" value="YES"/--><!-- send Cmd2 -->
  <ScmParam name="Send_Cmd2" value="NO"/><!-- don't send Cmd2 -->

</ScmRoot>
