<?xml version="1.0" encoding="iso-8859-1"?>
<ScmRoot>
  <!-- Text of the title of the scenario -->
  <ScmParam name="TextTitle" value="16439" />
  <!-- Messages used in the scenario -->
  <ScmParam name="Message_1" value="51516" />
  <ScmParam name="Message_2" value="51517" />
  <ScmParam name="Message_3" value="51518" />
  <ScmParam name="Message_4" value="827" />
  <ScmParam name="Message_5" value="51385" />
  <ScmParam name="Message_6" value="51580" />
  <ScmParam name="Message_7" value="51520" />
  <ScmParam name="Message_8" value="51386" />
  <ScmParam name="Message_9" value="15950" />
  <ScmParam name="Message_10" value="4394" />
  <ScmParam name="Message_11" value="51521" />
  <ScmParam name="Message_12" value="565" />
  <ScmParam name="Message_13" value="51522" />
  <ScmParam name="Message_14" value="53537" />
  <ScmParam name="Message_15" value="51579" />
  <ScmParam name="Message_Nack" value="570" />
  <!-- Texts for message box -->
  <ScmParam name="TextYES" value="4531" />
  <ScmParam name="TextNO" value="4532" />
  <ScmParam name="TextQUIT" value="426" />
  <ScmParam name="TextClip" value="2500" />
  <!-- CLIP -->
  <ScmParam name="TextInfo" value="303" />
  <!-- Informations -->
  <ScmParam name="TextCmdInProgress" value="13080" />
  <!-- Values of temporisations -->
  <ScmParam name="Timer1" value="0" />
  <ScmParam name="Timer2" value="3000" />
  <ScmParam name="SendCmd3" value="1" />
  <!-- New flag added for optional sending of Cmd1 - put value="1" to send Cmd1-->
  <ScmParam name="SendCmd1" value="0" />
  <ScmParam name="StateInactif" value="16800" />
  <ScmParam name="StateActif" value="16801" />
  <ScmParam name="StateYes" value="16869" />
  <ScmParam name="StateNo" value="16870" />
  <ScmParam name="StateAccesory" value="18185" />
  <ScmParam name="StateApc" value="26475" />
  <ScmParam name="StateStarting" value="18186" />
  <ScmParam name="StateNone" value="31590" />
  <ScmSet name="Commands">
    <!-- Commands used in scenario -->
    <ScmParam name="Cmd1" value="CF003" />
    <ScmParam name="Cmd2" value="CF004" />
    <ScmParam name="Cmd3" value="CF006" />
    <ScmParam name="Cmd4" value="CF041" />
    <ScmParam name="Cmd5" value="CF002" />
    <ScmParam name="Cmd6" value="CF204" />
    <!-- States used in scenario -->
    <ScmParam name="State1" value="ET008" />
    <!-- state 2 modified to ET013  -->
    <ScmParam name="State2" value="ET013" />
    <ScmParam name="State3" value="ET014" />
    <ScmParam name="State4" value="ET211" />
    <ScmParam name="State5" value="ET011" />
    <ScmParam name="State6" value="ET477" />
  </ScmSet>
</ScmRoot>
