<?xml version="1.0" encoding="iso-8859-1"?>
<?Doc_Info [$Revision:   1.1  $] [$Date:   23 Feb 2015 17:05:22  $]?>
<ScmRoot>
	<ScmParam name="Title" value="18569"/>

	<ScmParam name="Message1" value="60824"/>
	<ScmParam name="Message2" value=""/> <!--Not Used-->
	<ScmParam name="Message3" value="18654"/> <!--Not Used-->
	<ScmParam name="Message4" value="51925"/>
	<ScmParam name="Message5" value=""/> <!--Not Used-->
	<ScmParam name="Message6" value="59870"/> <!-- carte APC ON -->
	<ScmParam name="Message26" value="59870"/> <!-- carte APC OFF -->
	<ScmParam name="Message8" value="59871"/>
	<ScmParam name="Message9" value="11826"/>
	<ScmParam name="Message10" value="51571"/>
	<ScmParam name="Message11" value="51520"/>
	<ScmParam name="Message12" value=""/> <!--Not Used-->
	<ScmParam name="Message13" value=""/> <!--Not Used-->
	<ScmParam name="Message14" value=""/> <!--Not Used-->
	<ScmParam name="Message15" value="54969"/> 
	<ScmParam name="Message16" value="54968"/> 
	<ScmParam name="Message17" value="52755"/>
	<ScmParam name="Message18" value="60830"/>
	<ScmParam name="Message19" value="13373"/>

	<ScmParam name="OUI" value="4531"/>
	<ScmParam name="NON" value="4532"/>
	<ScmParam name="MessageBoxTitle1" value="2500"/><!-- CLIP -->
	<ScmParam name="MessageBoxTitle2" value="237"/><!-- 303 Informations -->

	<ScmParam name="GiveUpButton" value="426"/>	

	<ScmParam name="ErrorMessage" value="570"/>

	<!--ScmParam name="BypassEmptyRequest" value="1"/--> <!--bypass Empty Request -->
	<!--ScmParam name="BypassAPV" value="1"/--> <!--bypass APV module -->	
	<!--ScmParam name="APVModule" value="X91"/--> <!-- select APV module X84 or X91(default)-->	
	
	<!--ScmParam name="MessageAfterAPV" value=""/-->
	
	<ScmParam name="TempoT1" value="5000"/>
	
	<ScmParam name="TypeOP" value="3"/>	
	
        <!--Command response code text-->
        <ScmParam name="CommandFinished" value="13082"/>
        <ScmParam name="CommandInProgress" value="13080"/>
        <ScmParam name="CommandImpossible" value="13081"/>  
        <ScmParam name="CommandImpossible2" value="28427"/>
        
        <ScmParam name="State1" value="ET229"/>
        <ScmParam name="State2" value="ET003"/>
        <ScmParam name="State3" value="ET014"/>
        <ScmParam name="State4" value="ET210"/>
        <ScmParam name="State5" value="ET046"/>
    
	<ScmParam name="State1_BLANK" value="15923"/>
	<ScmParam name="State1_NOT_BLANK" value="15926"/>
	<ScmParam name="State2_IKEY" value="16870"/>
	<ScmParam name="State3_NO" value="16870"/>
	<ScmParam name="State3_YES" value="16869"/>
	<ScmParam name="State4_YES" value="16869"/>
	<ScmParam name="State5_NO" value="16800"/> <!-- A v�rifier pd spec/session-->
		
        <ScmParam name="Config1" value="CF055"/>      
        <ScmParam name="Config2" value="CF056"/>      
        <ScmParam name="Config3" value="CF037"/>      
        <ScmParam name="Config4" value="CF041"/>          

        <ScmParam name="Param1" value="PR061"/>      
</ScmRoot>
        