<?xml version="1.0" encoding="ISO-8859-1"?>
<ScmRoot>
	<!--General-->
	<ScmParam name="ScmTitle" value="14179"/>
	<ScmParam name="Message1" value="13420"/>
	<ScmParam name="Message2" value="18610"/>
	<ScmParam name="Message3" value="13382"/>	
	<ScmParam name="Message4" value="571"/>	
	<ScmParam name="Message5" value="18613"/>
	<ScmParam name="Message6" value="52853"/>	
	<ScmParam name="Message7" value="54026"/>
	<ScmParam name="Message8" value="13421"/>
	<ScmParam name="Message9" value="23819"/>
	<ScmParam name="Message10" value="52875"/>
	<ScmParam name="Message11" value="14292"/>
	<ScmParam name="Message12" value="14293"/>
	<ScmParam name="Message13" value="14294"/>
	<ScmParam name="Message14" value="14295"/>
	<ScmParam name="Message15" value="17572"/>
	<ScmParam name="Message16" value="17573"/>
	<ScmParam name="Message17" value="17574"/>
	<ScmParam name="Message18" value="17575"/>
	<ScmParam name="Message19" value="18609"/>
	<ScmParam name="Message20" value="15795"/><!--CLIP-->	
	<ScmParam name="TitreMsgBox3" value="15907"/><!--Erreur-->
	<ScmParam name="Message21" value="23457"/><!--Information--> 
	<ScmParam name="Bouton5" value="16869"/>	
	<ScmParam name="Bouton6" value="16870"/>	
	<ScmParam name="MessageStatus" value="13080"/>	
	<ScmParam name="MsgNack" value="570"/>	
	<!--ScmParam name="Message2" value="15789"/-->
	<!--ScmParam name="Message3" value="14286"/-->	
	<!--ScmParam name="Message15" value="15798"/-->
	<!--ScmParam name="Message17" value="13384"/-->
	<!--ScmParam name="Message20" value="19009"/-->	

	<!--Timers-->
	<ScmParam name="T1" value="120000"/>
	<ScmParam name="T2" value="5000"/>
	
	<ScmParam name="CodeSize" value="8"/>
	<ScmParam name="PermittedCharacters" value="0123456789"/>
	
	<!--Identifications-->
	<ScmParam name="Ident1_index" value="ID005"/>
	<ScmParam name="Ident2_index" value="ID006"/>
	<ScmParam name="Ident3_index" value="ID007"/>
	<ScmParam name="Ident4_index" value="ID008"/>
	
	<!--Commands-->

	<ScmParam name="Cmd1_index" value="AC001"/>
	<ScmParam name="Cmd2_index" value="VP018"/>
</ScmRoot>
