<?xml version="1.0" encoding="iso-8859-1"?>
<?Doc_Info [$Revision:   1.0  $] [$Date:   24 Feb 2010 18:09:10  $]?>
<ScmRoot>
	<ScmParam name="Title" value="16439"/>
	
	<ScmParam name="Message1" value="16969"/>
	<ScmParam name="Message3" value="16972"/>
	<ScmParam name="Message4" value="18467"/>
	<ScmParam name="Message5" value="16975"/>
	<ScmParam name="Message6" value="11826"/>
	<ScmParam name="Message7" value="16976"/>
	<ScmParam name="Message8" value="16978"/>
	<ScmParam name="Message9" value="16980"/>
	<ScmParam name="Message10" value="16982"/>
	<ScmParam name="Message11" value="16979"/>

	<ScmParam name="ErrorMessage" value="570"/>

        <!--Command response code text-->
        <ScmParam name = "CommandFinished" value = "13082"/>
        <ScmParam name = "CommandInProgress" value = "13080"/>
        <ScmParam name = "CommandImpossible" value = "13081"/>  	
        	
	<ScmParam name="TempoT1" value="500"/>	
	<ScmParam name="TempoT2" value="10000"/>	
	<ScmParam name="TempoT3" value="10000"/>	
	
	<ScmParam name="TypeOP" value="2"/>	
	
	<ScmParam name="State1" value="ET219"/>	
	<ScmParam name="State1_OK" value="16870"/>	<!-- NON -->
	<ScmParam name="State2" value="ET220"/>	
	<ScmParam name="State2_OK" value="16869"/>	<!-- OUI -->
	<ScmParam name="State3" value="ET008"/>	
	<ScmParam name="State3_OK" value="16869"/>	
	<ScmParam name="State4" value="ET184"/>	
	<ScmParam name="State4_OK" value="16869"/>	
	<ScmParam name="State5" value="ET046"/>	
	<ScmParam name="State5_OK" value="16870"/>  
	<ScmParam name="State6" value="ET182"/>	
	<ScmParam name="State6_OK" value="16870"/>	

	<ScmParam name="Cmd1" value="CF041"/>	
	<ScmParam name="Cmd2" value="CF040"/>	
	<ScmParam name="Cmd3" value="AC050"/>	

	<ScmParam name="SendCmd2" value="1"/>
	
</ScmRoot>