<?xml version="1.0" encoding="iso-8859-1"?>
<!--!DOCTYPE ScenarioConf_Root SYSTEM "ScenarioManuel.dtd"-->
<ScmRoot>

        <ScmParam name = "Title" value = "23579"/>

	<ScmParam name = "Screen1Msg" value = "2336"/>
	<ScmParam name = "Screen2Msg" value = "2321"/>
	<ScmParam name = "Screen4Msg" value = "2337"/>
	<ScmParam name = "Screen5Msg" value = "565"/>
	<ScmParam name = "Screen6Msg" value = "2343"/>
	<ScmParam name = "Screen7Msg" value = "14210"/>
	<ScmParam name = "Screen8Msg" value = "2341"/>
	<ScmParam name = "Screen9Msg" value = "2345"/>

	<ScmParam name = "Message1" value = "16981"/>
	<ScmParam name = "Message10" value = "828"/>
	<ScmParam name = "Message11" value = "2339"/>
	<ScmParam name = "Message12" value = "2363"/>
	<ScmParam name = "Message13" value = "2340"/>
	<ScmParam name = "Message14" value = "8972"/>
	<ScmParam name = "Message4" value = "2342"/>
	<ScmParam name = "Message5" value = "15949"/>
	<ScmParam name = "Message7" value = "567"/>
	<ScmParam name = "Message8" value = "4062"/>
	<ScmParam name = "MessageNACK" value = "570"/>

  <!--added for evolution task SCM10013 -->
  <ScmParam name = "Message18" value = "2344"  />
  <ScmParam name = "Message26" value = "50089" />
  <ScmParam name = "Message9"  value = "18641" />
  <ScmParam name = "Message16" value = "9669"  />
  <ScmParam name = "Message90" value = "26777" />
  <ScmParam name = "Message50" value = "15943" />
  
	<ScmParam name = "CmdInProgress" value = "13080"/>
	<ScmParam name = "ProgrammedCardsMsg" value = "566"/>

	<ScmParam name = "MessageBoxTitle" value = "303"/>
	<ScmParam name = "MessageBox1" value = "2344"/>
	<ScmParam name = "MessageBox2" value = "4394"/>

	<ScmParam name = "QuitTxt" value = "927"/>
	<ScmParam name = "YesTxt" value = "16869"/>
	<ScmParam name = "NoTxt" value = "16870"/>

	<ScmParam name = "Time2" value = "3000"/>	<!--In milliseconds-->
	<ScmParam name = "Time1" value = "5000"/>	<!--In milliseconds-->
  <ScmParam name = "Time3" value = "30000"/>

	<ScmSet name="Commands" >
		<ScmParam name = "Conf1" value = "CF040"/>
		<ScmParam name = "Conf2" value = "CF041"/>
		<ScmParam name = "Conf3" value = "CF042"/>
    <ScmParam name = "Cmde1" value = "AC003"/>
	
		<ScmParam name = "State1" value = "ET008"/>
  	<ScmParam name = "State2" value = "ET271"/>
  	<ScmParam name = "State3" value = "ET004"/>
  	<ScmParam name = "State4" value = "ET165"/>  	
  	<ScmParam name = "State5" value = "ET172"/>
	
		<ScmParam name = "Param1" value = "PR061"/>
    <ScmParam name = "Param2" value = "PR001"/>
		<ScmParam name = "Ident1" value = "ID026"/>
	</ScmSet>

</ScmRoot>
