<?xml version="1.0" encoding="ISO-8859-1"?>
<?Doc_Info [$Revision:   1.2  $] [$Date:   10 Feb 2012 09:29:58  $]?>
<ScmRoot>

	<ScmParam name="Title" value="58115"/>

	<ScmParam name="Message1" value="58472"/>
	<ScmParam name="Message2" value="58473"/>
	<ScmParam name="Message3" value="51518"/>
	<ScmParam name="Message4" value="58474"/>
	<ScmParam name="Message5" value="51385"/>
	<ScmParam name="Message6" value="58475"/>
	<ScmParam name="Message8" value="51386"/>
	<ScmParam name="Message9" value="15950"/> 
	<ScmParam name="Message10" value="4394"/>
	<ScmParam name="Message11" value="58477"/>
	<ScmParam name="Message12" value="565"/>
	<ScmParam name="Message13" value="58478"/>
	<ScmParam name="Message14" value="3902"/>
	<ScmParam name="Message15" value="51579"/>
	<ScmParam name="MessageNACK" value="570"/>
	<ScmParam name="Clip" value="2500"/>
	<ScmParam name="Informations" value="303"/>
	<ScmParam name="Quit" value="426"/>
	<ScmParam name="Yes" value="4531"/>
	<ScmParam name="No" value="4532"/>
	<ScmParam name="CommandInProgress" value="13080"/>
	<ScmParam name="StateTxt_Yes" value="16869"/>
	<ScmParam name="StateTxt_No" value="16870"/>
	<ScmParam name="StateTxt_APC" value="16869"/>

	<ScmParam name="Time1" value="10000"/>
	<ScmParam name="Time2" value="3000"/>

	<ScmParam name="SendConfig1" value="true"/>
	<ScmParam name="SendConfig2" value="false"/>
	<ScmParam name="TypeOp" value="2"/>

	<ScmParam name="Conf1" value="CF004"/>
	<ScmParam name="Conf2" value="CF003"/>
	<ScmParam name="Conf3" value="CF030"/>
	<ScmParam name="Conf4" value="CF007"/>
	<ScmParam name="State1" value="ET001"/>
	<ScmParam name="State2" value="ET006"/>
	<ScmParam name="State3" value="ET014"/>
	<ScmParam name="State4" value="ET004"/>
</ScmRoot>
