<?xml version="1.0" encoding="ISO-8859-1"?>
<?Doc_Info [$Revision:   1.0  $] [$Date:   23 Sep 2014 16:13:44  $]?>
<ScmRoot>
	<ScmParam name="SCMTitle" value="14180"/>
	<ScmParam name="Afficheur2Scr1" value="54025"/>
	<ScmParam name="Afficheur4Scr1" value="55126"/>
	<ScmParam name="MessageScr2" value="13421"/>
	<ScmParam name="Afficheur2Screen2" value="15796"/>
	<ScmParam name="Afficheur4Screen2" value="13379"/>
	<ScmParam name="Afficheur2Screen2bis" value="11826"/>
	<ScmParam name="TxtResult" value="23819"/>
	<!--Screen 3-->
	<ScmParam name="Label_AVG_En_Cours" value="17562"/>
	<ScmParam name="Label_AVD_En_Cours" value="17563"/>
	<ScmParam name="Label_ARD_En_Cours" value="17564"/>
	<ScmParam name="Label_ARG_En_Cours" value="17565"/>
	<ScmParam name="Label_AVG_Terminee" value="17567"/>
	<ScmParam name="Label_AVD_Terminee" value="17568"/>
	<ScmParam name="Label_ARD_Terminee" value="17570"/>
	<ScmParam name="Label_ARG_Terminee" value="17569"/>
	<ScmParam name="Afficheur2Screen1" value="54025"/>
	<ScmParam name="Afficheur2Screen2" value="15796"/>
	<ScmParam name="Afficheur2Screen2bis" value="11826"/>
	<ScmParam name="Afficheur2Screen3" value="23819"/>
	<ScmParam name="Afficheur3Screen3" value="54027"/>
	<ScmParam name="Afficheur4Screen3" value="54026"/>
	<ScmParam name="Label_CodeAVG" value="17572"/>
	<ScmParam name="Label_CodeAVD" value="17573"/>
	<ScmParam name="Label_CodeARD" value="17574"/>
	<ScmParam name="Label_CodeARG" value="17575"/>
	<ScmParam name="ClipError" value="896"/>
	<ScmParam name="TxtMsgBox" value="13382"/>
	<ScmParam name="Etat1" value="ET002"/>
	<ScmParam name="StateYES" value="16869"/>
	<ScmParam name="StateNO" value="16870"/>
	<ScmParam name="TextMemorized" value="2877"/>
	<ScmParam name="TxtInformation" value="52878"/>
	<ScmParam name="CmndRoutineTraining" value="AC001"/>
	<ScmParam name="Cmde2" value="VP003"/>
	<!--Identifications-->
	<ScmParam name="ID_AVG_ETE" value="ID005"/>
	<ScmParam name="ID_AVD_ETE" value="ID006"/>
	<ScmParam name="ID_ARD_ETE" value="ID008"/>
	<ScmParam name="ID_ARG_ETE" value="ID007"/>
	<ScmParam name="Ident5" value="ID025"/>
	<ScmParam name="Tempo1" value="120000"/>
	<ScmParam name="Tempo2" value="5000"/>
	<ScmParam name="Label_info" value="303"/>
	<ScmParam name="MsgNack" value="570"/>
	<ScmParam name="Tempo2" value="1000"/>
	<!--Button OK-->
	<ScmParam name="MsgBoxButOK" value="19009"/><!-- Message -->
</ScmRoot>
