<?xml version="1.0" encoding="ISO-8859-1"?>
<?Doc_Info [$Revision:   1.1  $][$Date:   24 Feb 2015 10:33:44  $]?>
<ScmRoot>

	<ScmParam name = "Title" value = "C3P_46728"/>

	<ScmParam name = "ErrorMsg" value = "570"/>	<!-- Error MSG on NACK -->

	<!--CustomButtons  Retry,End,Abort-->
	<ScmParam name="CustomButtons" value="427,1991,426"/>
	
    <!--Command response code text-->
    <ScmParam name = "CommandFinished" value = "13082"/>
    <ScmParam name = "CommandInProgress" value = "13080"/>
    <ScmParam name = "CommandImpossible" value = "13081"/>

	<ScmParam name = "Timer1" value = "1000"/>
	<ScmParam name = "Timer2" value = "1000"/>
	<ScmParam name = "TimerProgressBar" value = "100"/>
	<!--ScmParam name = "ProgressBarPosition" value = "500,0"/-->

	<!--ScmParam name="Debug" value="1"/-->	
	
	<ScmParam name="TypeOP" value="2"/>	
	
	<ScmParam name = "FontSize" value = "10"/>
	
	<ScmParam name = "Status_01" value = "STATUS1"/>
	<ScmParam name = "Status_02" value = "STATUS2"/>
	<ScmParam name = "Status_04" value = "STATUS4"/>
	<ScmParam name = "NACK21" value = "busyRepeatRequest"/>
	<ScmParam name = "NACK23" value = "RoutineNotComplete"/>
	
	<ScmParam name = "ProgressBar" value = "C3P_47163"/>
	<!--ScmParam name = "ProgressBarPosition" value = "500,0"/-->

	<ScmParam name="Debug" value="0"/>	
	
	<ScmParam name = "ScreenStart" value = "8"/>
	<ScmParam name = "ScreenAPV" value = "90"/>
	<ScmParam name = "APV" value = "ID_NOT_SUPPORTED"/>	<!-- ID_SUPPORTED / ID_NOT_SUPPORTED or none to bypass APV module -->
	<ScmParam name = "ScreenRetAPV" value = "91"/>
	<ScmParam name = "APC" value = "5,C3P_90,C3P_216,NISSAN"/> <!-- APC Volt min, text code OFF, text code ON, RENAULT/NISSAN -->

	<ScmParam name = "HideTitle" value = "1"/>
	<ScmParam name = "ExitOnCancel" value = "1"/>
	
	<!--Screens definition U60 SRBLIBNotSupported_WithKey-->
	<ScmSet name = "Screens">
		<ScmSet name = "8">
			<ScmParam name = "Subtitle" value = "303"/>
			<ScmParam name = "Msg" value = "C3P_47133"/>			
			<!--ScmParam name = "Buttons" value = "Next,Previous,Validate,Finish,Retry,End,Abort,Function Bar"-->
			<!--ScmParam name = "Buttons" value = "9,,,,,,0,1"/-->								
			<ScmParam name = "Buttons" value = "9,,,0,,,,1"/>								
		</ScmSet>	
		<ScmSet name = "9">
			<ScmParam name = "Subtitle" value = "C3P_47246"/>
			<ScmParam name = "Msg" value = "C3P_46732,img3"/>
			<ScmList name="Steps">
				<ScmItem value="$1,C3P_46747"/>
			</ScmList>				
			<!--ScmParam name = "Buttons" value = "Next,Previous,Validate,Finish,Retry,End,Abort,Function Bar"-->
			<ScmParam name = "Buttons" value = "90,,,,,,,1"/>		
			<!--ScmParam name = "Info" value = ""/-->			
			<ScmSet name = "Request">
				<!--ScmParam name = "#APCSonde" value = "C3P_46769,C3P_90,#Screen,90"/-->
				<ScmParam name = "#APCSonde" value = "C3P_46769,C3P_90,#Button,0"/>		
          	</ScmSet>						
		</ScmSet>						
		<ScmSet name = "90"> <!-- Call APV Module -->
	    </ScmSet>		
		<ScmSet name = "91">
			<!--commandes  request,domaine,param (#APV,...), screen status 1,screen status 2,screen status 4,screen status others,progresz bar/-->
			<ScmParam name = "Msg" value = "-1"/>
			<!--ScmParam name = "Cmd" value = "S003,,#APVCode,92,92,11,11,0"/-->
			<ScmParam name = "Cmd" value = "S003,,#APVCode,92,14,11,11,0"/>
	    </ScmSet>
		<ScmSet name = "92">
			<ScmParam name = "Msg" value = "-1"/>
			<ScmParam name = "Cmd" value = "S003_STATUS,,#APVCode,#Repeat,14,11,11,1"/>
	        </ScmSet>				
		<ScmSet name = "11">
			<ScmParam name = "Subtitle" value = "C3P_46749"/>
			<ScmParam name = "Msg" value = "C3P_47087,img12"/>	
			<!--ScmParam name = "Buttons" value = "Next,Previous,Validate,Finish,Retry,End,Abort,Function Bar"-->
			<!--ScmParam name = "Buttons" value = "12,,,,9,0,,1"/-->
			<ScmParam name = "Buttons" value = "14,,,0,9,,,1"/>
		</ScmSet>	
		<ScmSet name = "13">
			<ScmParam name = "Subtitle" value = "C3P_46749"/>
			<ScmParam name = "Msg" value = "C3P_47091,img2"/>
			<!--ScmParam name = "Buttons" value = "Next,Previous,Validate,Finish,Retry,End,Abort,Function Bar-->
			<!--ScmParam name = "Buttons" value = "14,,,,,0,,1"/-->
			<ScmParam name = "Buttons" value = "14,,,0,,,,1"/>
		</ScmSet>
		<ScmSet name = "131">
			<ScmParam name = "Subtitle" value = "C3P_46749"/>
			<ScmParam name = "Msg" value = "C3P_47091,img2"/>
			<ScmParam name = "Cmd" value = "#StopDiag,1"/>			
			<!--ScmParam name = "Buttons" value = "Next,Previous,Validate,Finish,Retry,End,Abort,Function Bar-->
			<!--ScmParam name = "Buttons" value = "14,,,,,0,,1"/-->
			<ScmParam name = "Buttons" value = "14,,,0,,,,1"/>
		</ScmSet>		
		<ScmSet name = "14">
			<ScmParam name = "Subtitle" value = "C3P_46749"/>
			<ScmParam name = "Msg" value = "C3P_46735,img0"/>
			<ScmList name="Steps">
				<ScmItem value="$1,C3P_46768,img25"/>
			</ScmList>
			<!--ScmParam name = "Buttons" value = "Next,Previous,Validate,Finish,Retry,End,Abort,Function Bar"-->
			<ScmParam name = "Buttons" value = ",,,,,,,1"/>			
			<!-- display max. 4 Requests-->
			<ScmSet name = "Request"> 				
				<ScmParam name = "#APCSonde" value = "C3P_46769,C3P_216,#Screen,141"/>			
			<!--ScmParam name = "#APCSonde" value = "C3P_46769,C3P_216,#Button,0"/-->			
           	</ScmSet>			
		</ScmSet>
		<ScmSet name = "141">
			<!--commandes  request,domaine,param (#APV,...), screen status 1,screen status 2,screen status 4,screen status others,progresz bar/-->
			<ScmParam name = "Msg" value = "-1"/>
			<ScmParam name = "Cmd" value = "S003,1,#APVCode,142,15,131,131,0"/>
        </ScmSet>
		<ScmSet name = "142">
			<!--commandes  request,domaine,param (#APV,...), screen status 1,screen status 2,screen status 4,screen status others,progresz bar/-->
			<ScmParam name = "Msg" value = "-1"/>
			<ScmParam name = "Cmd" value = "S003_STATUS,1,#APVCode,#Repeat,15,131,131,1"/>
        </ScmSet>		
		<ScmSet name = "15">
			<ScmParam name = "Subtitle" value = "C3P_47250"/>
			<ScmParam name = "Msg" value = "C3P_46916,img6"/>
			<ScmParam name = "Cmd" value = "#StopDiag,1"/>						
			<ScmList name="Steps">
				<ScmItem value="$1,C3P_47033,img25"/>
				<ScmItem value="$2,C3P_47035,img39"/>
				<ScmItem value="$3,C3P_47045,img24"/>
				<ScmItem value="$4,C3P_47051,img27"/>
				<ScmItem value="$5,C3P_47057,img25"/>
				<ScmItem value="$6,C3P_47063"/>
			</ScmList>
			<ScmParam name = "Buttons" value = "16,,,,,,,1"/>
		</ScmSet>			
		<ScmSet name = "16">
			<ScmParam name = "Subtitle" value = "C3P_47251"/>
			<ScmParam name = "Msg" value = "C3P_46877,img6"/>
			<ScmList name="Steps">
				<ScmItem value="$1,C3P_47039,img39"/>
				<ScmItem value="$2,C3P_47041,img34"/>
				<ScmItem value="$3,C3P_47047,img25"/>
				<ScmItem value="$4,C3P_47053,img26"/>
				<ScmItem value="$5,C3P_48355,img27"/>
				<ScmItem value="$6,C3P_47065,img28"/>
			</ScmList>
			<ScmParam name = "Buttons" value = "17,,,,,,,1"/>
		</ScmSet>
		<ScmSet name = "17">
			<ScmParam name = "Subtitle" value = "C3P_47253"/>
			<ScmParam name = "Msg" value = "C3P_46844,img5"/>
			<ScmList name="Steps">
				<ScmItem value="$1,C3P_46852,img36"/>
				<ScmItem value="$2,C3P_46860"/>
				<ScmItem value="$3,C3P_46869"/>
			</ScmList>
			<!--ScmParam name = "Buttons" value = "Next,Previous,Validate,Finish,Retry,End,Abort,Function Bar"-->
			<!--ScmParam name = "Buttons" value = ",,,,,0,,1"/-->
			<ScmParam name = "Buttons" value = ",,,0,,,,1"/>
		</ScmSet>		
		</ScmSet>					
</ScmRoot>
