<?xml version="1.0" encoding="iso-8859-1"?>
<?Doc_Info [$Revision:   1.0  $] [$Date:   04 Jan 2021 15:53:40  $]?>
<ScmRoot>
	<ScmParam name="Title" value="14180"/>
	
	<ScmParam name="Message1" value="11826"/>
	<ScmParam name="Message2" value="13379"/>
	<ScmParam name="Message3" value="15905"/>
	<ScmParam name="Message4" value="14207"/>
	<ScmParam name="Message5" value="18954"/>
	<ScmParam name="Message6" value="15903"/>
	<ScmParam name="Message7" value="59031"/>
	<ScmParam name="Message8" value="54027"/>
	<ScmParam name="Message9" value="1000"/>
	<ScmParam name="Message10" value="59228"/>
	<ScmParam name="Message11" value="59229"/>
	
	<ScmParam name="MsgWheel1" value="58629"/>
	<ScmParam name="MsgWheel2" value="58630"/>
	<ScmParam name="MsgWheel3" value="58631"/>
	<ScmParam name="MsgWheel4" value="58632"/>

	<ScmParam name="MsgBoxTitle1" value="15795"/>
	<ScmParam name="MsgBoxTitle2" value="450"/>

	<ScmParam name="NbrWrite" value="2"/>

	<ScmParam name="ErrorMessage" value="570"/>

	<ScmParam name="Tempo1" value="120000"/>
	<ScmParam name="Tempo2" value="5000"/>
	<ScmParam name="Tempo3" value="2000"/>

        <!--Command response code text-->
        <ScmParam name = "CommandFinished" value = "13082"/>
        <ScmParam name = "CommandInProgress" value = "13080"/>
        <ScmParam name = "CommandImpossible" value = "13081"/>
        <ScmParam name = "CommandNotActived" value = "58778"/>        
        
	<ScmParam name="State3" value="ET282"/> 
	<ScmParam name="State3_InProgress" value="16849"/> 
	<ScmParam name="State3_OK" value="19009"/> 
	<ScmParam name="State3_Failed" value="23615"/> 

	<ScmParam name="Ident1" value="ID053"/> 
	<ScmParam name="Ident2" value="ID054"/> 
	<ScmParam name="Ident3" value="ID055"/> 
	<ScmParam name="Ident4" value="ID056"/> 
	<ScmParam name="Ident5" value="ID060"/> 

	<ScmParam name="Config1" value="CF006"/> 
	<ScmParam name="Config2" value="CF282"/> 
	<ScmParam name="Config3" value="CF284"/> 
	<ScmParam name="Config4" value="CF283"/> 

	<!--ScmParam name="Config4_Uncheck_NotActived" value="1"/--> 
		
</ScmRoot>
        