<?xml version="1.0" encoding="ISO-8859-1"?>
<ScmRoot>
	<ScmParam name="EtatUCH" value="ET008"/>
	<ScmParam name="EtatAlim_E1" value="ET014"/>
	<ScmParam name="TextTitre" value="16439"/>
	<ScmParam name="Consigne1" value="15943"/>
	<ScmParam name="CmdeBadgePresent" value="CF003"/>
	<ScmParam name="CmdeEnCours" value="13080"/>
	<ScmParam name="CmdeImpossible" value="28427"/>
	<ScmParam name="EtatBadgePresent" value="ET013"/>
	<ScmParam name="Consigne2" value="14187"/>
	<ScmParam name="CmdeModeAPV" value="CF004"/>
	<ScmParam name="EtatBadgeVierge" value="ET011"/>
	<ScmParam name="CmdeSortie" value="CF006"/>
	<ScmParam name="EtatStatusBadge" value="ET007"/>
	<ScmParam name="Consigne3" value="15948"/>
	<ScmParam name="Tempo" value="10000"/>
	<ScmParam name="CmdeApprentissage" value="CF002"/>
	<ScmParam name="StatusAppr" value="565"/>
	<ScmParam name="CmdeExitAppr" value=""/>
	<ScmParam name="SsTitreMsgBox1" value="2500"/>
	<ScmParam name="SsTitreMsgBox2" value="450"/>
	<ScmParam name="MsgBox1" value="573"/>
	<ScmParam name="MsgBox2" value="571"/>
	<ScmParam name="Err_Consigne1" value="15944"/>
	<ScmParam name="Err_Consigne2" value="570"/>
	<ScmParam name="Err_Consigne3" value="15946"/>
	<ScmParam name="Err_Consigne4" value="15946"/>
	<ScmParam name="Err_Consigne5" value="15950"/>
	<ScmParam name="Err_Consigne6" value="15949"/>
	<ScmParam name="Err_Consigne7" value="568"/>
	<ScmParam name="Err_Consigne8" value="15952"/>
	<ScmParam name="Err_Consigne9" value="827"/>
</ScmRoot>
