<?xml version="1.0" encoding="ISO-8859-1"?>
<ScmRoot>
	<!--General-->
	<ScmParam name="TextTitre" value="14180"/>
	<ScmParam name="Label_CodeAVG" value="17572"/>
	<ScmParam name="Label_CodeAVD" value="17573"/>
	<ScmParam name="Label_CodeARD" value="17574"/>
	<ScmParam name="Label_CodeARG" value="17575"/>
	<ScmParam name="MessageTextTitre1" value="15795"/>	
	<ScmParam name="MessageTextTitre2" value="303"/>
	<ScmParam name="MessageTextTitreErreur" value="15907"/>	
	<ScmParam name="Message_OK_Button" value="19009"/>
	<ScmParam name="Label_Information" value="303"/>
	<ScmParam name="Button_Yes" value="16869"/>	
	<ScmParam name="Button_No" value="16870"/>
	<ScmParam name="MsgNack" value="14207"/>
	<!--Screen 1-->
	<ScmParam name="SubTextTitre1" value="15790"/>
	<ScmParam name="Label_StateName" value="ET064"/>
	<ScmParam name="Label_StateDescription" value="13402"/>
	<ScmParam name="Label_ConfigInformation" value="13420"/>
	<!--Screen 2-->
	<ScmParam name="SubTextTitre2" value="15794"/>
	<ScmParam name="Label_ValveSelection" value="15793"/>
	<ScmParam name="Label_StatusBarText" value="15798"/>
	<!--Screen 3-->
	<ScmParam name="Label_AppModeInformation" value="13363"/>
	<ScmParam name="MessageText_ModeChoice" value="14297"/>	
	<ScmParam name="Button_Automatic" value="17831"/>	
	<ScmParam name="Button_Manual" value="27061"/>
	<!--Screen 3.1-->
	<ScmParam name="SubTextTitre3" value="15796"/>
	<ScmParam name="Label_AVG_En_Cours" value="17562"/>
	<ScmParam name="Label_AVD_En_Cours" value="17563"/>
	<ScmParam name="Label_ARD_En_Cours" value="17564"/>
	<ScmParam name="Label_ARG_En_Cours" value="17565"/>
	<ScmParam name="Label_AVG_Terminee" value="17567"/>
	<ScmParam name="Label_AVD_Terminee" value="17568"/>
	<ScmParam name="Label_ARD_Terminee" value="17570"/>
	<ScmParam name="Label_ARG_Terminee" value="17569"/>
	<ScmParam name="Label_CodeConfigInfo31" value="13379"/>
	<!--Screen 3.2-->
	<ScmParam name="SubTextTitre4" value="13384"/>
	<ScmParam name="Label_CodeConfigInfo32" value="13380"/>
	<!--Screen 4-->
	<ScmParam name="MessageText_FailAutomatic" value="13381"/>	
	<!--Screen 4.1-->
	<ScmParam name="MessageText_FailManual" value="13382"/>
	<!--Screen 5-->
	<ScmParam name="MessageText_IncorrectFormat" value="571"/>
	<!--Screen 6-->
	<ScmParam name="MessageText_WriteConfirm" value="17571"/>
	<!--Screen 7-->
	<ScmParam name="SubTextTitre7" value="23819"/>
	<ScmParam name="Label_ResultMsg" value="13416"/>
	<ScmParam name="Label_WriteInfo" value="18614"/>
	<!--Screen 8-->
	<ScmParam name="Label_CommandImpossible" value="13421"/>
	<!--States-->
	<ScmParam name="Label_ET064" value=""/>
	<ScmParam name="State_ET064" value="ET064"/>
	<ScmParam name="Text_ET064_ETE" value="14282"/>
	<ScmParam name="Text_ET064_HIVER" value="14281"/>
	<!--Identifications-->
	<ScmParam name="ID_AVG_ETE" value="ID020"/>
	<ScmParam name="ID_AVD_ETE" value="ID021"/>
	<ScmParam name="ID_ARD_ETE" value="ID023"/>
	<ScmParam name="ID_ARG_ETE" value="ID022"/>
	<ScmParam name="ID_AVG_HIVER" value="ID024"/>
	<ScmParam name="ID_AVD_HIVER" value="ID025"/>
	<ScmParam name="ID_ARD_HIVER" value="ID027"/>
	<ScmParam name="ID_ARG_HIVER" value="ID026"/>
	<ScmParam name="ID_Code_Valves" value="ID028"/>
	<!--Commands-->
	<ScmParam name="Command_Valve_Selection" value="VP021"/>
	<ScmParam name="Command_Write_Codes" value="VP014"/>
	<ScmParam name="Command_ROUTINE_APPRENTISSAGE" value="AC002"/>
	<!--Timers-->
	<ScmParam name="Timer1" value="120"/>
	<ScmParam name="Timer2" value="2"/>
	<ScmParam name="Timer3" value="120"/>
	<!--Exit Screen-->
	<ScmParam name="Exit_Message" value="14207"/>
</ScmRoot>
