<?xml version="1.0" encoding="ISO-8859-1"?>
<?Doc_Info [$Revision:   1.1  $][$Date:   24 Feb 2015 10:33:44  $]?>
<ScmRoot>

	<ScmParam name = "Title" value = "C3P_46728"/>

	<ScmParam name = "ErrorMsg" value = "570"/>	<!-- Error MSG on NACK -->

	<!--CustomButtons  Retry,End,Abort,NG,OK-->
	<ScmParam name="CustomButtons" value="427,1991,426,C3P_75727,C3P_75726"/>
	
    <!--Command response code text-->
    <ScmParam name = "CommandFinished" value = "13082"/>
    <ScmParam name = "CommandInProgress" value = "13080"/>
    <ScmParam name = "CommandImpossible" value = "13081"/>

	<ScmParam name = "Timer1" value = "1000"/>
	<ScmParam name = "Timer2" value = "1000"/>
	<ScmParam name = "TimerProgressBar" value = "100"/>
	<!--ScmParam name = "ProgressBarPosition" value = "500,0"/-->

	<!--ScmParam name="Debug" value="1"/-->	
	
	<ScmParam name="TypeOP" value="2"/>	
	
	<ScmParam name = "FontSize" value = "10"/>
	
	<ScmParam name = "Status_01" value = "STATUS1"/>
	<ScmParam name = "Status_02" value = "STATUS2"/>
	<ScmParam name = "Status_04" value = "STATUS4"/>
	<ScmParam name = "NACK21" value = "busyRepeatRequest"/>
	<ScmParam name = "NACK23" value = "RoutineNotComplete"/>
		
	<ScmParam name = "ProgressBar" value = "C3P_47163"/>
	<!--ScmParam name = "ProgressBarPosition" value = "500,0"/-->

	<ScmParam name="Debug" value="0"/>	
	
	<ScmParam name = "ScreenStart" value = "6"/>
	<ScmParam name = "ScreenAPV" value = "70"/>
	<ScmParam name = "APV" value = "ID_SUPPORTED"/>	<!-- ID_SUPPORTED / ID_NOT_SUPPORTED or none to bypass APV module -->
	<ScmParam name = "ScreenRetAPV" value = "71"/>
	<ScmParam name = "APC" value = "5,C3P_90,C3P_216,NISSAN"/> <!-- APC Volt min, text code OFF, text code ON, RENAULT/NISSAN -->

	<ScmParam name = "HideTitle" value = "1"/>
	<ScmParam name = "ExitOnCancel" value = "1"/>
	
	<!--Screens definition U60 SRBLIBSupported_KeyLess-->
	<ScmSet name = "Screens">
		<ScmSet name = "6">
			<ScmParam name = "Subtitle" value = "303"/>
			<ScmParam name = "Msg" value = "C3P_47133"/>		
			<!--ScmParam name = "Buttons" value = "Next,Previous,Validate,Finish,Retry,End,Abort,NG,OK,Function Bar"-->			
			<!--ScmParam name = "Buttons" value = "7,,,,,,0,1"/-->								
			<ScmParam name = "Buttons" value = "7,,,0,,,,,,1"/>								
		</ScmSet>		
		<ScmSet name = "7">
			<ScmParam name = "Subtitle" value = "C3P_47246"/>
			<ScmParam name = "Msg" value = "C3P_46735,img3"/>
			<ScmList name="Steps">
				<ScmItem value="$1,C3P_48127"/>
			</ScmList>			
			<!--ScmParam name = "Buttons" value = "Next,Previous,Validate,Finish,Retry,End,Abort,NG,OK,Function Bar"-->
			<ScmParam name = "Buttons" value = ",,,,,,,,,1"/>		
			<!--ScmParam name = "Info" value = ""/-->			
			<ScmSet name = "Request">
				<ScmParam name = "#APCSonde" value = "C3P_46769,C3P_90,#Screen,70"/>
				<!--ScmParam name = "#APCSonde" value = "C3P_46769,C3P_90,#Button,0"/-->		
          	</ScmSet>						
		</ScmSet>						
		<ScmSet name = "70"> <!-- Call APV Module -->
	    </ScmSet>		
		<ScmSet name = "71">
			<!--commandes  request,domaine,param (#APV,...), screen status 1,screen status 2,screen status 4,screen status others,progresz bar/-->
			<ScmParam name = "Msg" value = "-1"/>
			<ScmParam name = "Cmd" value = "LEGACY_W001,,#APVCode,10,11,12,9,0"/>
	    </ScmSet>			
		<ScmSet name = "9">
			<ScmParam name = "Subtitle" value = "C3P_46749"/>
			<ScmParam name = "Msg" value = "C3P_48229,img14"/>
			<ScmList name="Steps">
				<ScmItem value=",C3P_48230"/>
			</ScmList>						
			<!--ScmParam name = "Buttons" value = "Next,Previous,Validate,Finish,Retry,End,Abort,NG,OK,Function Bar"-->
			<ScmParam name = "Buttons" value = ",,,,7,,,,,1"/>
		</ScmSet>
			<ScmSet name = "10">
			<ScmParam name = "Subtitle" value = "C3P_46749"/>
			<ScmParam name = "Msg" value = "C3P_46735,img0"/>
			<ScmList name="Steps">
				<ScmItem value="$1,C3P_48152,img38"/>
			</ScmList>		
			<ScmSet name = "Request">
				<ScmParam name = "#APCSonde" value = "C3P_46769"/>
				<ScmParam name = "#Count" value = "C3P_48154,10"/>
          	</ScmSet>
			<ScmParam name = "Cmd" value = "LEGACY_W001_STATUS,,,#Repeat,11,12,9,0"/>						
		</ScmSet>		
		<ScmSet name = "11">
			<ScmParam name = "Subtitle" value = "C3P_47250"/>
			<ScmParam name = "Msg" value = "C3P_46735,img8"/>
			<ScmList name="Steps">
				<ScmItem value="$1,C3P_48165"/>
			</ScmList>			
			<ScmSet name = "Request">
				<ScmParam name = "#APCSonde" value = "C3P_46769,C3P_216,#Button,0"/>		
          	</ScmSet>
			<!--ScmParam name = "Buttons" value = "Next,Previous,Validate,Finish,Retry,End,Abort,NG,OK,Function Bar"-->
			<ScmParam name = "Buttons" value = "111,,,,,,,,,1"/>
		</ScmSet>
		
		<ScmSet name = "111">
			<!--commandes  request,domaine,param (#APV,...), screen status 1,screen status 2,screen status 4,screen status others,progresz bar/-->
			<ScmParam name = "Msg" value = "-1"/>
			<ScmParam name = "Cmd" value = "LEGACY_W002,,,112,13,12,9,0"/>
	    </ScmSet>		
		<ScmSet name = "112">
			<ScmParam name = "Msg" value = "-1"/>
			<ScmParam name = "Cmd" value = "LEGACY_W002_STATUS,,,#Repeat,13,12,9,0"/>
		</ScmSet>		
		<ScmSet name = "12">
			<ScmParam name = "Subtitle" value = "C3P_46749"/>
			<ScmParam name = "Msg" value = "C3P_48223,img10"/>
			<ScmList name="Steps">
				<ScmItem value=",C3P_48225"/>
			</ScmList>
			<!--ScmParam name = "Buttons" value = "Next,Previous,Validate,Finish,Retry,End,Abort,NG,OK,Function Bar"-->
			<ScmParam name = "Buttons" value = ",,,,7,141,,,,1"/>				
		</ScmSet>
		<ScmSet name = "13">
			<ScmParam name = "Subtitle" value = "C3P_47250"/>
			<ScmParam name = "Msg" value = "C3P_46735,"/>
			<ScmList name="Steps">
				<ScmItem value="$1,C3P_48184,img29"/>
			</ScmList>
			<!--ScmParam name = "Buttons" value = "Next,Previous,Validate,Finish,Retry,End,Abort,NG,OK,Function Bar"-->
			<ScmParam name = "Buttons" value = ",,,,,,,7,14,1"/>				
		</ScmSet>
		<ScmSet name = "14">
			<ScmParam name = "Subtitle" value = "C3P_47251"/>
			<ScmParam name = "Msg" value = "C3P_46735,img9"/>
			<ScmList name="Steps">
				<ScmItem value="$1,C3P_48202"/>
			</ScmList>
			<!--ScmParam name = "Buttons" value = "Next,Previous,Validate,Finish,Retry,End,NG,OK,Abort,Function Bar"-->
			<ScmParam name = "Buttons" value = "141,,,,,,,,,1"/>			
			<!-- display max. 4 Requests-->
			<ScmParam name = "Info" value = "C3P_48191"/>
			<ScmSet name = "Request"> 				
				<ScmParam name = "MEMORY_1" value = "C3P_13097"/>			
				<ScmParam name = "MEMORY_2" value = "C3P_13098"/>			
				<ScmParam name = "MEMORY_3" value = "C3P_13099"/>			
				<ScmParam name = "MEMORY_4" value = "C3P_13100"/>			
           	</ScmSet>			
		</ScmSet>
		<ScmSet name = "141">
			<!--commandes  request,domaine,param (#APV,...), screen status 1,screen status 2,screen status 4,screen status others,progresz bar/-->
			<ScmParam name = "Msg" value = "-1"/>
			<ScmParam name = "Cmd" value = "LEGACY_W003,,,142,16,9,9,0"/>
        </ScmSet>
		<ScmSet name = "142">
			<!--commandes  request,domaine,param (#APV,...), screen status 1,screen status 2,screen status 4,screen status others,progresz bar/-->
			<ScmParam name = "Msg" value = "-1"/>
			<ScmParam name = "Cmd" value = "LEGACY_W003_STATUS,,,#Repeat,16,9,9,1"/>
        </ScmSet>		
		<ScmSet name = "16">
			<ScmParam name = "Subtitle" value = "C3P_47251"/>
			<ScmParam name = "Msg" value = "C3P_46735,img11"/>
			<ScmList name="Steps">
				<ScmItem value="$1,C3P_48216,img37"/>
				<ScmItem value="$2,C3P_48218"/>
				<ScmItem value="$3,C3P_48219"/>
			</ScmList>
			<ScmParam name = "Buttons" value = ",,,0,,,,,,1"/>
		</ScmSet>			
		</ScmSet>					
</ScmRoot>
