<?xml version="1.0" encoding="iso-8859-1"?>
<?Doc_Info [$Revision:   1.1  $] [$Date:   13 Aug 2014 16:45:04  $]?>
<ScmRoot>
	<ScmParam name="Title" value="16439"/>

	<ScmParam name="Message1" value="54925"/>
	<ScmParam name="Message2" value="51517"/>
	<ScmParam name="Message3" value="28505"/>
	<ScmParam name="Message4" value="51925"/>
	<ScmParam name="Message5" value="59869"/>
	<ScmParam name="Message6" value="59870"/>
	<ScmParam name="Message8" value="59871"/>
	<ScmParam name="Message9" value="15950"/>
	<ScmParam name="Message11" value="51521"/>
	<ScmParam name="Message12" value="59873"/>
	<ScmParam name="Message13" value="59874"/>
	<ScmParam name="Message14" value="22561"/>
	<ScmParam name="Message15" value="54969"/>
	<ScmParam name="Message16" value="54968"/>

	<ScmParam name="ErrorMessage" value="570"/>

	<ScmParam name="GiveUpButton" value="426"/>

	<!--ScmParam name="MessageAfterAPV" value=""/-->
	
	<ScmParam name="TempoT1" value="1000"/>
	<ScmParam name="TempoT2" value="10000"/>
	<ScmParam name="TempoT3" value="100"/>
	
	<ScmParam name="TypeOP" value="2"/>	
	
        <!--Command response code text-->
        <ScmParam name="CommandFinished" value="13082"/>
        <ScmParam name="CommandInProgress" value="13080"/>
        <ScmParam name="CommandImpossible" value="13081"/>  
        <ScmParam name="CommandImpossible2" value="28427"/>
        
        <ScmParam name="State1_YES" value="16869"/>
        <ScmParam name="State1_NO" value="16870"/>		
        <ScmParam name="State2_IKEY" value="16870"/>
        <ScmParam name="State3_NO" value="16870"/>
        <ScmParam name="State3_YES" value="16869"/>
        <ScmParam name="State4_NO" value="16870"/>
        <ScmParam name="State5_YES" value="16869"/>
        <ScmParam name="State6_NO" value="16870"/>

        
        <ScmParam name="State1" value="ET002"/>      
        <ScmParam name="State2" value="ET003"/>      
        <ScmParam name="State3" value="ET014"/>      
        <ScmParam name="State4" value="ET207"/>      
        <ScmParam name="State5" value="ET208"/>      
        <ScmParam name="State6" value="ET209"/>      
   
       
        <ScmParam name="Config1" value="CF055"/>      
        <ScmParam name="Config2" value="CF056"/>      
        <ScmParam name="Config3" value="CF037"/>      
        <ScmParam name="Config4" value="CF038"/>      
        <ScmParam name="Config5" value="CF039"/>      
        <ScmParam name="Config6" value="CF040"/>      
       
</ScmRoot>
        