<?xml version="1.0" encoding="ISO-8859-1"?>
<ScmRoot>

	<!--Scenario Title-->
	<ScmParam name = "Title" value = "29786"/>

	<ScmParam name = "CommandInProgress" value = "13080"/>

	<!--Scenario messages-->
  <ScmParam name = "Message1" value = "52504"/>
  <ScmParam name = "Message2" value = "51570"/>
  <ScmParam name = "Message3" value = "52503"/>
  <ScmParam name = "Message4" value = "16981"/>
  <ScmParam name = "Message5" value = "18654"/>
  <ScmParam name = "Message6" value = "13373"/>
  <ScmParam name = "Message7" value = "51371"/>
  <ScmParam name = "Message8" value = "52465"/>
  <ScmParam name = "MessageNACK" value = "570"/>

	<ScmParam name = "StateTxt_Yes" value = "16869"/>
	<ScmParam name = "StateTxt_No" value = "16870"/>

	<!--Timer intervals-->
	<ScmParam name = "Time1" value = "30000"/> <!--milliseconds-->
	<ScmParam name = "Time3" value = "2000"/>
  
	<!--Values to check-->
	<ScmParam name = "Tension" value = "9"/>	<!--9V-->
	<ScmParam name = "SendConfig2" value = "true"/>
	<ScmParam name = "SendConfig3" value = "true"/>
	<ScmParam name = "SendConfig4" value = "false"/>
	<ScmParam name = "TypeOp" value = "4"/>

	<!--Commands-->
	<ScmParam name = "Conf1" value = "CF055"/>
	<ScmParam name = "Conf2" value = "CF056"/>
	<ScmParam name = "Conf3" value = "CF006"/>
	<ScmParam name = "Conf4" value = "CF005"/>

	<ScmParam name = "State1" value = "ET008"/>
	<ScmParam name = "State2" value = "ET071"/>
	<ScmParam name = "State3" value = "ET207"/>

	<ScmParam name = "Param1" value = "PR091"/>
	
</ScmRoot>
