<?xml version="1.0" encoding="ISO-8859-1"?>
<?Doc_Info [$Revision:   1.2  $][$Date:   Jun 24 2009 11:27:38  $]?>
<ScmRoot>
	<ScmParam name="TextTitre" value="55605"/>
	<!-- Text for 'GiveUp' button -->
	<ScmParam name="ButtonGiveUp" value="426"/>
	
	<ScmParam name="StateYES" value="16869"/>
	<ScmParam name="StateNO" value="16870"/>
	<ScmParam name="StateApprise" value="15924"/>
	<ScmParam name="StateNonApprise" value="18552"/>
	<ScmParam name="TextYES" value="4531"/>
	<ScmParam name="TextNO" value="4532"/>
	<ScmParam name="TextOK" value="19009"/>
	<ScmParam name="TextClip" value="2500" />
	<ScmParam name="TextMessage" value="450" />
	<ScmParam name="Message_Nack" value="570"/>
	
	<!--Screen1-->
	<ScmParam name="Message1" value="55600"/>
	<ScmParam name="Message2" value="55601"/>
	<ScmParam name="Message3" value="3004"/>
	<ScmParam name="Message4" value="3004"/>
	
	<!--Screen2-->
	<ScmParam name="Message6" value="55604"/>
	<ScmParam name="Message14" value="55608"/>
	<ScmParam name="Message15" value="55609"/>
	<ScmParam name="Message16" value="55610"/>
	
	<!--Screen3-->
	<ScmParam name="Message5" value="55603"/>
	
	<!--Screen4-->
	<ScmParam name="Message10" value="55606"/>
	
	<!--MessageBox -->
	<ScmParam name="Message8" value="18650"/>
	<ScmParam name="Message9" value="18642"/>
	<ScmParam name="Message11" value="55607"/>
	
	<!-- Commands status-->
	<ScmParam name="CommandFinished" value="13082"/>
	<ScmParam name="CommandInProgress" value="13080"/>
	<ScmParam name="CommandImpossible" value="13081"/>
	
	<!--States-->
	<ScmParam name="State1" value="ET032"/>
	<ScmParam name="State2" value="ET022"/>
	<ScmParam name="State3" value="ET030"/>
	<ScmParam name="State4" value="ET022"/>
	<ScmParam name="State5" value="ET030"/>
	
	<!--Commands-->
	<ScmParam name="CMD1" value="VP010"/>
	<ScmParam name="CMD2" value="VP011"/>
	<ScmParam name="CMD3" value="VP012"/>
	<ScmParam name="CMD4" value="VP013"/>
	<ScmParam name="CMD5" value="VP014"/>
	
	<!--Kind operation-->
	<ScmParam name="OperationType" value="4" />
	
	<!--CMD4 count-->
	<ScmParam name="CMD4_MAX" value="2000" />
</ScmRoot>
