<?xml version="1.0" encoding="iso-8859-1"?>
<?Doc_Info [$Revision:   1.1  $] [$Date:   Jun 28 2013 09:58:56  $]?>
<ScmRoot>
	<ScmParam name="Title" value="58115"/>

	<ScmParam name="Message1" value="62678"/>
	<ScmParam name="Message2" value="58473"/>
	<ScmParam name="Message3" value="28505"/>
	<ScmParam name="Message4" value="58474"/>
	<ScmParam name="Message5" value="62680"/>
	<ScmParam name="Message6" value="62681"/>
	<ScmParam name="Message8" value="62682"/>
	<ScmParam name="Message9" value="15950"/>
	<ScmParam name="Message11" value="58477"/>
	<ScmParam name="Message12" value="59873"/>
	<ScmParam name="Message13" value="59874"/>
	<ScmParam name="Message14" value="22561"/>
	<ScmParam name="Message15" value="54969"/>
	<ScmParam name="Message16" value="62689"/>

	<ScmParam name="ErrorMessage" value="570"/>

	<ScmParam name="GiveUpButton" value="426"/>

	<!--ScmParam name="MessageAfterAPV" value=""/-->
	
	<ScmParam name="TempoT1" value="1000"/>
	<ScmParam name="TempoT2" value="10000"/>
	<ScmParam name="TempoT3" value="100"/>
	
	<ScmParam name="TypeOP" value="2"/>	
	
        <!--Command response code text-->
        <ScmParam name="CommandFinished" value="13082"/>
        <ScmParam name="CommandInProgress" value="13080"/>
        <ScmParam name="CommandImpossible" value="13081"/>  
        <ScmParam name="CommandImpossible2" value="28427"/>
        
        <ScmParam name="State1_YES" value="16869"/>
        <ScmParam name="State1_NO" value="16870"/>		
        <ScmParam name="State2_IKEY" value="16870"/>
        <ScmParam name="State3_NO" value="16870"/>
        <ScmParam name="State3_YES" value="16869"/>
        <ScmParam name="State4_NO" value="16870"/>
        <ScmParam name="State5_YES" value="16869"/>
        <ScmParam name="State6_NO" value="16870"/>

        
        <ScmParam name="State1" value="ET001"/>      
        <ScmParam name="State2" value="ET032"/>      
        <ScmParam name="State3" value="ET014"/>      
        <ScmParam name="State4" value="ET004"/>      
        <ScmParam name="State5" value="ET006"/>      
        <ScmParam name="State6" value="ET033"/>      
   
       
        <ScmParam name="Config1" value="CF004"/>      
        <ScmParam name="Config2" value="CF003"/>      
        <ScmParam name="Config3" value="CF012"/>      
        <ScmParam name="Config4" value="CF028"/>      
        <ScmParam name="Config5" value="CF007"/>      
        <ScmParam name="Config6" value="CF030"/>      
       
</ScmRoot>
        