<?xml version="1.0" encoding="iso-8859-1"?>
<?Doc_Info [$Revision:   1.1  $] [$Date:   22 Nov 2013 15:34:22  $]?>
<ScmRoot>
	<!-- Text of the title of the scenario -->
	<ScmParam name="TextTitle" value="18508"/>
	<!-- KEY ASSIGNEMENT -->
	<ScmParam name="GiveUpButton" value="927"/>
	<!-- Messages used in the scenario -->
	<ScmParam name="Message1" value="18466"/>
	<!-- The UCH is has not been programmed. Perform the programming procedure for the UCH. -->
	<ScmParam name="Message2" value="14207"/>
	<!-- PROCEDURE INTERRUPTED -->
	<ScmParam name="Message4" value="27557"/>
	<!-- Switch off the ignition and leave the key in the ignition, then press confirm. -->
	<ScmParam name="Message5" value="18656"/>
	<!-- GET ALL VEHICLE'S KEYS. KEYS NOT INSERTED DUR PROC WILL NOT WORK. -->
	<ScmParam name="Message6" value="18982"/>
	<!-- SWITCH ON THE IGNITION WITH THE KEY TO BE ASSIGNED -->
	<ScmParam name="Message8" value="2320"/>
	<ScmParam name="Message9" value="18641"/>
	<!-- LOW BATTERY VOLTAGE. PROCEDURE INTERRUPTED. -->
	<ScmParam name="Message10" value="18582"/>
	<!-- KEY ALREADY INSERTED FOR ALLOCATION. -->
	<ScmParam name="Message11" value="18580"/>
	<!-- KEY ALLOCATION HAS FAILED. MAKE SURE THERE ARE NO SOURCES OF ELECTROMAGNETIC INTERFERENCE NEARBY. IF NECESSARY, CONTACT THE TECHLINE -->
	<ScmParam name="Message12" value="26495"/>
	<!-- The procedure is complete. -->
	<ScmParam name="Message13" value="18650"/>
	<!-- + After ignition feed not detected, switch on the + after ignition feed. -->
	<ScmParam name="Message14" value="18649"/>
	<!-- Format incorrect. The code must have 12 characters. The characters permitted are: 0,1,2,3,4,5,6,7,8,9,A,B,C,D,E,F. -->
	<ScmParam name="Message15" value="18642"/>
	<!-- + After ignition feed detected, cut the + after ignition feed. -->
	<ScmParam name="Message17" value="18581"/>
	<!-- ALLOCATION IN PROGRESS. DO NOT REMOVE THE KEY. -->
	<ScmParam name="Message18" value="3002"/>
	<!-- SWITCH IGNITION OFF. -->
	<ScmParam name="Message19" value="14210"/>
	<!-- WRITING DATA TO MEMORY -->
	<ScmParam name="Message20" value="2348"/>
	<ScmParam name="Message21" value="2349"/>
	<ScmParam name="Message22" value="2350"/>
	<ScmParam name="Message23" value="2351"/>
	<ScmParam name="Message24" value="2370"/>
	<ScmParam name="Message25" value="2371"/>
	<ScmParam name="Message26" value="2372"/>
	<ScmParam name="Message27" value="2377"/>
	<ScmParam name="Message28" value="52449"/>
	<ScmParam name="Message29" value="52451"/>
	<ScmParam name="MessageNack" value="570"/>
	<!-- Texts for message box -->
	<ScmParam name="TextYES" value="4531"/>
	<!-- YES -->
	<ScmParam name="TextNO" value="4532"/>
	<!-- NO -->
	<ScmParam name="TextOK" value="19009"/>
	<!-- OK -->
	<ScmParam name="TextClip" value="2500"/>
	<!-- CLIP -->
	<ScmParam name="TextInfo" value="303"/>
	<!-- Informations -->
	<ScmParam name="TextNumberOfKeys" value="13422"/>
	<!-- NUMBER OF KEYS AFFECTED -->
	<ScmParam name="TextCmdInProgress" value="13080"/>
	<!-- COMMAND IN PROGRESS -->
	<ScmParam name="TextCmdFinished" value="13081"/>
	<!-- COMMAND FINISHED -->
	<ScmParam name="TextCmdInpossible" value="28427"/>
	<!-- COMMAND INPOSSIBLE -->
	<ScmParam name="TextStatusBar" value="451"/>
	<!-- Input the requested information, then validate -->
	<ScmParam name="ClipError" value="896"/>
	<!-- Timers, milliseconds -->
	<ScmParam name="Timer1" value="10000"/>
	<ScmParam name="Timer2" value="10000"/>
	<ScmParam name="Timer3" value="2000"/>
	<ScmParam name="Timer4" value="2000"/>
	<ScmParam name="Timer5" value="4000"/>
	<!-- Commands used in scenario -->
	<ScmParam name="Cmde1" value="CF002"/>
	<!-- ROUTINE TRAINING -->
	<ScmParam name="Cmde2" value="CF006"/>
	<!-- ABANDONMENT TRAINING -->
	<ScmParam name="Cmde3" value="CF005"/>
	<!-- VALIDATION TRAINING -->
	<ScmParam name="Cmde4" value="AC078"/>
	<!-- PRIVATE COMMAND 15 -->
	<ScmParam name="Cmde5" value="AC050"/>
	<!-- TEST CARTE -->
	<ScmParam name="Cmde6" value="CF038"/>
	<ScmParam name="Cmde7" value="AC079"/>
	<!-- Parameters used in scenario -->
	<ScmParam name="Param1" value="PR001"/>
	<!-- BATTERY VOLTAGE -->
	<ScmParam name="Param2" value="PR056"/>
	<!-- NUMBER OF KEYS AFFECTED -->
	<!-- States used in scenario -->
	<ScmParam name="State1" value="ET049"/>
	<!-- +APC PRESENT -->
	<ScmParam name="State2" value="ET008"/>
	<!-- UNITE CENTRALE HABITACLE VIERGE -->
	<ScmParam name="State3" value="ET219"/>
	<!-- ROUTINE TRAINING -->
	<ScmParam name="State4" value="ET183"/>
	<!-- KEY ALREADY PROGRAMMED BY THE VEHICULE -->
	<ScmParam name="State5" value="ET407"/>
	<!-- MEMORY KEY -->
	<ScmParam name="State6" value="ET185"/>
	<!-- KEY CODE REGISTERED -->
	<ScmParam name="State7" value="ET182"/>
	<!-- BLANK KEY -->
	<ScmParam name="State8" value="ET181"/>
	<!-- KEY AFFECTED -->
	<ScmParam name="Lect1" value="LC089"/>
	<!-- FUNCTION KEY A MEMORY -->
	<!-- State values -->
	<ScmParam name="StateText_Yes" value="16869"/>
	<ScmParam name="StateText_No" value="16870"/>
	<ScmParam name="StateText_With" value="16802"/>
	<ScmParam name="StateText_Without" value="16803"/>
	<ScmParam name="Ident1" value="ID026"/>
	<!-- Battery voltage limit -->
	<ScmParam name="VoltageU0" value="10"/>
	<!-- N1 (many times to send AC079) -->
	<ScmParam name="N1" value="1"/>
	<!-- N2 (many times to send AC078) -->
	<ScmParam name="N2" value="1"/>
	<!-- N3 (many times to send AC079) -->
	<ScmParam name="N3" value="1"/>
</ScmRoot>
