<?xml version="1.0" encoding="ISO-8859-1"?>
<ScmRoot>
	<!--General-->
	<ScmParam name="TextTitre" value="14179"/>
	<ScmParam name="Label_CodeAVG" value="17572"/>
	<ScmParam name="Label_CodeAVD" value="17573"/>
	<ScmParam name="Label_CodeARD" value="17574"/>
	<ScmParam name="Label_CodeARG" value="17575"/>
	<ScmParam name="Message_CLIP" value="15795"/>	
	<ScmParam name="Message_Error" value="15907"/>
	<ScmParam name="Button_OK" value="19009"/>
	<ScmParam name="Message_Information" value="237"/> <!-- used from Appr Cle -->
	<ScmParam name="Exit_Message" value="14207"/> <!-- used for NON choice -->
	<ScmParam name="Text_ETE" value="14282"/>
	<ScmParam name="Text_HIVER" value="14281"/>
	<ScmParam name="Text_AVG" value="14292"/>
	<ScmParam name="Text_AVD" value="14293"/>
	<ScmParam name="Text_ARD" value="14294"/>
	<ScmParam name="Text_ARG" value="14295"/>
	<ScmParam name="MsgNack" value="14207"/>

	<!--Screen 1-->
	<ScmParam name="SubTextTitre1" value="15790"/>
	<ScmParam name="Label_Info" value="303"/>
	<ScmParam name="Label_State" value="ET064"/>
	<ScmParam name="Label_StateDescription" value="13402"/>
	<ScmParam name="Label_ConfigInformation" value="13420"/>

	<!--Screen 2-->
	<ScmParam name="Label_ValveSelection" value="15793"/>
	<ScmParam name="Label_PositionSelection" value="18609"/>
	<ScmParam name="Label_StatusBarText" value="15798"/>

	<!--Screen 3-->
	<ScmParam name="SubTextTitre2" value="13384"/>
	<ScmParam name="Label_SeizureCode" value="18610"/>
	
	<!--Screen 4-->
	<ScmParam name="Message_TimerProcedure" value="13382"/>	
	
	<!--Screen 5-->
	<ScmParam name="Message_FormatIncorrect" value="571"/>	
	
	<!--Screen 6-->
	<ScmParam name="Message_WriteInMemory" value="18613"/>	
	<ScmParam name="Button_OUI" value="16869"/>	
	<ScmParam name="Button_NON" value="16870"/>
	
	<!--Screen 7-->
	<ScmParam name="Message_Resultat" value="23819"/>
	<ScmParam name="Message_WriteDone" value="18612"/>	
	<ScmParam name="Message_AddedInfo" value="18614"/>	
	
	<!--Screen 8-->
	<ScmParam name="Label_CommandImpossible" value="13421"/>
	
	<!--States-->
	<ScmParam name="State_ET064" value="ET064"/>
	
	<!--Identifications-->
	<ScmParam name="ident_AVG_ETE" value="ID020"/>
	<ScmParam name="ident_AVD_ETE" value="ID021"/>
	<ScmParam name="ident_ARD_ETE" value="ID023"/>
	<ScmParam name="ident_ARG_ETE" value="ID022"/>
	<ScmParam name="ident_AVG_HIVER" value="ID024"/>
	<ScmParam name="ident_AVD_HIVER" value="ID025"/>
	<ScmParam name="ident_ARD_HIVER" value="ID027"/>
	<ScmParam name="ident_ARG_HIVER" value="ID026"/>
	
	<!--Commands-->
	<ScmParam name="Command_Valve_Selection" value="VP021"/>
	<ScmParam name="Command_Write_AVG" value="VP012"/>
	<ScmParam name="Command_Write_AVD" value="VP013"/>
	<ScmParam name="Command_Write_ARD" value="VP015"/>
	<ScmParam name="Command_Write_ARG" value="VP016"/>
	
	<!--Timers-->
	<ScmParam name="Timer1" value="120000"/>
	<ScmParam name="Timer2" value="2000"/>
</ScmRoot>
