<?xml version="1.0" encoding="iso-8859-1"?>
<!--!DOCTYPE ScenarioConf_Root SYSTEM "ScenarioManuel.dtd"-->
<ScmRoot>
  <!--Text References given in specification-->
  <ScmParam name="SCMTitle"  value="16439" /><!-- CABIN FILTER REGENERATION -->
  <ScmParam name="Message1"  value="16971" />
  <ScmParam name="Message2"  value="16973" />
  <ScmParam name="Message3"  value="18797" />
  <ScmParam name="Message4"  value="16977" />
  <ScmParam name="Message5"  value="14197" />
  <ScmParam name="Message6"  value="14198" />
  <ScmParam name="Message7"  value="14194" />
  <ScmParam name="Message8"  value="14188" />
  <ScmParam name="Message9"  value="16974" />
  <ScmParam name="Message10" value="18641" />
  <ScmParam name="Status_1"  value="13080" />
  <ScmParam name="Status_2"  value="565"   />

  <ScmParam name="CommandImpossibleMessage" value="570" />

  <ScmParam name="Timer_T1"   value="4000"   />
  <ScmParam name="v_min"   value="10.5"   />
  
  <!--Commands and their corresponding indexes-->
  <ScmParam name="Cmde1" value="CF041" /><!-- Private configuration -->
  <ScmParam name="Cmde2" value="AC003" />

  <ScmParam name="Param1"  value="PR001" />

  <!-- States -->
  <ScmParam name="State1"  value="ET008"/><!-- UCH VIERGE -->
  <ScmParam name="State2"  value="ET207"/>
  <ScmParam name="State3"  value="ET219"/><!-- ROUTINE TRAINING -->
  <ScmParam name="State4"  value="ET220"/><!-- Training UCH -->
  <ScmParam name="State5"  value="ET271"/>  
  <ScmParam name="State6"  value="ET273"/>

  <ScmParam name="State_YES"     value="16869"/>
  <ScmParam name="State_NO"      value="16870"/>
  <ScmParam name="State_ACTIF"   value="16801"/>
  <ScmParam name="State_INACTIF" value="16800"/>
  
  <ScmParam name="CommandFinished" value="13082"/>

</ScmRoot>
